TABLE S2: Oct4, Sox2, Nanog binding to Known Genes					
GENE	OCT4	SOX2	NANOG	E2F4	Expressed
	# = distance from nearest transcription start site				1 = expressed
	- = not bound				
13CDNA73	-	-	2003	-	0
182-FIP	-	360	-	-	1
76P	-	-	-	0	1
7h3	-	-	-	203	1
AAMP	-	-	-	0	1
AASDH	0	0	0	-	1
AATF	-	-	-	0	1
ABC1	-	-	-	0	1
ABCA5	-	4936	4936	-	0
ABCB10	-	3818	3818	-	0
ABCB6	-	-	-	0	1
ABCB7	-	0	0	-	1
ABCF2	-	31	31	31	1
ABCG2	-	-	41	-	0
ABHD11	-	4127	2246	-	1
ABHD2	-	-	0	-	1
ABHD8	-	5888	5888	1777	0
ABLIM1	-	0	-	-	1
ABTB2	820	820	-	-	1
ACAD8	-	-	-	0	1
ACADM	-	-	799	-	1
ACAT2	-	-	35	-	1
ACCN1	-	-	675	-	0
ACCN2	-	-	5968	-	0
ACCN4	6895	6895	6895	-	0
ACD	5590	-	-	5590	1
ACIN1	-	30	-	-	1
ACO2	-	89	89	-	1
ACOX1	-	140	-	-	1
ACP2	-	-	-	3214	1
ACSL4	-	-	871	-	1
ACTN1	-	-	-	759	1
ACTR1A	-	0	0	-	1
ACTR1B	-	-	812	0	1
ACYP1	-	-	-	0	1
ACYP2	-	-	-	0	0
ADAM28	-	0	0	-	0
ADAMTS16	528	528	291	-	0
ADAMTS19	-	538	-	-	0
ADAMTS4	-	-	381	-	0
ADAMTS5	-	-	2144	-	0
ADAMTSL1	63	0	0	-	0
ADAR	-	707	707	-	1
ADAT1	-	-	-	0	0
ADD3	55	2683	2033	-	1
ADFP	-	1923	1489	-	1
ADRA1A	972	972	972	-	0
ADRA2A	369	-	-	-	0
ADRBK2	-	42	559	-	1
AEGP	-	-	-	2779	0
AF15Q14	-	-	-	0	1
AGPAT4	-	1115	-	-	0
AGPAT5	-	-	-	0	1
AGTR2	-	-	-	25	0
AHI1	-	-	-	0	1
AHSA1	-	-	62	-	1
AIP1	-	883	-	-	1
AK3	-	983	708	-	1
AK3L1	-	-	534	-	1
AKT1S1	-	0	-	-	1
ALCAM	-	582	302	-	1
ALDH16A1	-	966	966	-	0
ALDH3A2	-	-	-	65	1
ALDH6A1	-	-	-	266	1
ALDH7A1	-	0	-	-	1
ALDOA	-	-	-	0	1
ALG10	-	-	-	0	0
ALG9	-	-	7413	-	1
ALKBH	0	-	0	-	1
ALOX5	-	-	-	528	0
ALOXE3	576	-	-	-	0
ALPK3	-	-	1423	-	0
ALPL	-	625	-	-	1
ALS2CR16	-	-	93	0	0
AMIGO2	6018	-	5739	-	1
AMOT	-	-	310	-	0
AMOTL1	-	3090	637	-	1
ANAPC4	-	-	6536	7059	0
ANGPT1	-	-	0	-	1
ANKFY1	-	-	-	0	1
ANKHD1	2659	0	-	-	1
ANKMY2	-	-	2404	-	1
ANKRD1	472	721	721	-	1
ANKRD11	-	-	-	981	1
ANKRD13	-	-	-	0	1
ANKRD15	2272	1597	1597	-	1
ANKS1	-	-	-	600	1
ANLN	-	-	-	0	1
ANP32A	-	2530	2530	-	1
ANP32B	-	511	511	-	1
ANP32C	-	-	6650	1057	0
ANP32E	-	-	-	0	1
ANXA1	-	-	1668	-	1
ANXA8	-	-	689	-	0
AP1G1	-	-	0	-	1
AP1S2	-	-	1967	-	1
AP2A1	-	949	70	-	1
AP2B1	-	-	-	0	1
AP3B1	-	802	0	-	1
AP3D1	-	-	-	0	1
AP3S2	-	-	-	221	1
APEX1	-	0	-	-	1
APEX2	-	-	396	-	1
APG4C	-	-	0	-	1
APH1A	-	0	0	-	1
APLP2	-	-	3917	-	1
APOA2	-	-	1985	-	1
APOB	-	-	3042	-	1
APOB48R	-	2058	2058	-	0
APOBEC3D	-	0	0	-	0
APOBEC3G	6441	20	0	-	0
APOM	-	-	2875	2875	1
APP	-	1345	-	-	1
AQP2	-	4546	4546	-	1
AQP9	-	-	98	-	0
ARCH	-	-	0	89	0
ARF3	-	7262	7660	-	1
ARF4	-	0	0	-	1
ARF4L	-	0	-	-	1
ARF6	-	-	-	0	1
ARFGEF1	-	4758	-	-	1
ARHGAP1	-	19	0	-	1
ARHGAP11A	-	0	0	-	1
ARHGAP19	-	-	0	0	0
ARHGEF17	-	1177	-	-	0
ARID1A	-	-	-	582	1
ARID1B	2966	2966	2686	-	1
ARID4B	-	0	-	-	1
ARIH1	-	179	394	-	1
ARL6	-	1024	1024	-	0
ARL6IP6	-	-	-	0	1
ARL8	-	-	-	304	1
ARMC4	-	-	715	-	0
ARMC6	-	803	803	-	1
ARMCX1	-	-	0	-	1
ARMCX5	0	-	-	-	1
ARNTL2	-	325	-	99	0
ARPC5	533	-	-	-	1
ARPM1	-	2016	5759	-	0
ARRDC3	-	1027	-	-	1
ARSD	2000	2000	546	-	0
ARSF	-	-	5346	-	0
ARX	2827	-	3039	2827	0
ASAH1	-	-	0	-	1
ASAM	-	-	2816	-	1
ASB1	-	-	271	-	1
ASB18	-	7352	-	-	0
ASCC2	-	-	3676	-	1
ASCL2	6264	-	6589	-	0
ASE-1	-	-	-	0	1
ASF1B	-	-	-	0	1
ASH2L	-	-	-	0	1
ASK	-	-	-	507	1
ASNA1	-	54	-	-	1
ASPM	-	-	-	0	1
ASXL1	-	-	615	-	1
ATAD2	0	0	4	0	1
ATAD3B	-	-	-	0	0
ATBF1	518	4127	787	-	0
ATF2	-	-	-	4	1
ATF3	-	1806	-	-	1
ATF4	-	0	72	0	1
ATF5	-	-	-	764	1
ATF6	-	980	-	-	0
ATF7IP	-	-	-	0	1
ATOH1	-	295	-	-	0
ATOH8	-	-	-	57	0
ATP11C	-	-	518	-	1
ATP5F1	-	0	0	-	1
ATP6V1A	-	-	1431	-	1
ATP6V1D	285	-	-	295	1
ATP6V1G1	3693	3693	3693	-	1
ATP7B	-	-	786	-	0
ATP8B3	-	-	-	0	0
ATP9B	-	-	-	0	1
ATPAF2	-	-	-	0	1
ATPIF1	-	-	0	-	1
AUH	461	461	-	-	1
AUP1	-	-	-	0	1
AVEN	-	5	-	-	1
AXIN2	-	-	0	-	1
AZI1	-	123	-	-	1
B2M	-	-	0	-	1
B3GALT4	5087	5087	5087	5221	1
B4GALT6	-	1883	453	173	1
BAG5	39	-	39	39	1
BAMBI	425	425	425	-	1
BARHL2	-	3889	-	-	0
BARX1	-	-	-	0	0
BARX2	-	-	658	-	0
BAT1	-	-	-	0	1
BAT3	-	-	0	0	1
BAT4	-	-	-	0	1
BAT5	-	327	-	-	0
BAZ1B	-	-	-	131	1
BBP	-	-	0	0	1
BC006122	-	0	-	-	0
BC007862	-	-	0	-	1
BC008141	-	6148	-	-	0
BC008813	-	-	1686	-	0
BC009415	-	422	702	-	1
BC009550	-	-	-	567	0
BC010732	662	-	903	-	0
BC011742,BC017255	-	-	-	0	0
BC012542	-	-	0	0	0
BC013749	-	-	-	0	0
BC014776	-	-	0	-	0
BC014953	-	-	245	-	1
BC016825	-	1198	-	-	1
BC018206	-	-	37	37	1
BC019341	-	-	274	-	1
BC020923	235	235	235	-	0
BC021127	-	1023	1023	-	1
BC022357	-	0	5355	0	0
BC022371	-	1687	1687	-	0
BC023549	-	-	5159	-	0
BC026345	16	0	0	-	0
BC027178	-	-	-	435	1
BC028301	-	-	-	0	0
BC029609	-	-	0	-	0
BC030245	-	7436	7436	-	1
BC032347	-	0	-	-	0
BC032958	-	672	-	-	0
BC033154	-	26	26	0	0
BC033643	-	-	-	0	0
BC034752	-	-	2489	-	0
BC036056	-	-	-	0	0
BC039145	-	635	635	-	1
BC040177	-	-	200	-	0
BC040993	-	-	519	-	1
BC044580	-	329	67	67	1
BC045706	-	-	2242	-	0
BC045834	-	-	-	0	0
BC046199	-	-	268	268	1
BC047471	-	-	-	0	0
BC047718	-	-	-	0	0
BC047782	-	284	-	-	0
BC052341	-	0	-	-	1
BC053996	-	-	2	-	0
BC056682	-	2669	2669	-	1
BC060847	-	-	-	598	0
BC060851	-	-	5493	-	0
BC060874	-	-	2688	-	0
BC061909	82	82	82	-	1
BC062632	-	1637	-	-	0
BC063451	-	-	6294	-	0
BC064390	-	-	-	0	1
BC064584	-	0	-	0	1
BC064948	-	-	74	-	1
BC068520	-	124	-	373	0
BC069363	3252	3532	3532	-	0
BC071771	-	773	-	-	0
BC075857	-	-	0	0	1
BC080575	-	-	-	0	1
BC080624	742	-	742	-	0
BC-2	-	-	-	3655	1
BCAR1	-	-	1828	-	0
BCAS1	-	-	397	-	0
BCAT1	-	595	595	-	1
BCKDHA	-	0	0	94	1
BCL9	-	0	0	-	1
BCL9L	-	-	5597	-	1
BCLAF1	-	1605	488	-	1
BCS1L	-	-	-	0	1
BDH	6964	6964	6964	-	0
BFSP1	-	-	2622	-	0
BG1	-	6075	6075	-	0
BHLHB5	1095	815	0	-	0
BIRC5	-	-	-	0	1
BLCAP	20	-	0	-	1
BLM	-	-	-	0	1
BLOC1S1	-	-	-	0	1
BLZF1	-	0	0	-	0
BM039	-	-	-	0	1
BMP2	-	4015	4015	-	1
BMP5	-	0	0	-	0
BMP7	2639	2639	2639	-	1
BMPR1A	-	-	-	826	1
BMPR2	-	918	918	-	0
BMSC-UbP	-	-	-	0	1
BMX	-	148	-	-	0
BNIP1	-	-	5128	-	1
BRCA2	-	-	-	176	1
BRCC2	-	0	-	-	0
BRD8	-	-	-	0	1
BRF1	-	-	-	0	0
BRIP1	-	224	-	0	0
BRMS1L	-	-	-	0	0
BSCL2	-	-	713	-	1
BTBD6	-	-	-	0	1
BTD	-	-	-	49	1
BTG1	-	0	-	0	1
BTK	-	4224	-	-	0
BTRC	-	-	-	186	1
BUB1	-	-	-	0	1
BUB1B	5350	5350	5350	0	1
BUB3	1189	0	0	0	1
BZW2	-	-	1984	-	1
C10orf117	-	0	0	0	1
C10orf137	-	-	-	0	1
C10orf22	-	-	7609	-	1
C10orf26	-	-	274	-	1
C10orf3	-	-	818	0	0
C10orf48	483	-	-	-	0
C10orf6	-	-	-	0	0
C10orf7	0	-	0	-	1
C10orf70	-	4002	1981	-	1
C10orf78	0	-	-	0	0
C10orf84	-	37	-	-	0
C11orf1	-	-	0	-	1
C11orf10	-	-	-	0	1
C12orf14	-	0	-	0	1
C12orf2	882	882	882	-	1
C12orf8	-	-	-	30	1
C13orf11	-	-	-	19	1
C13orf17	-	-	-	0	1
C13orf3	-	-	-	168	1
C13orf7	185	0	0	0	1
C14orf10	-	0	0	0	1
C14orf105	-	0	0	-	0
C14orf106	-	-	-	0	1
C14orf108	-	0	-	0	1
C14orf11	-	6973	-	-	1
C14orf114	-	-	739	-	1
C14orf115	-	0	0	-	1
C14orf119	-	0	-	-	1
C14orf122	-	45	57	0	1
C14orf130	-	-	-	0	1
C14orf133	-	-	0	-	1
C14orf138	-	727	727	-	1
C14orf140	-	-	-	4842	0
C14orf142	-	-	-	0	0
C14orf151	6968	-	6968	6968	1
C14orf153	755	-	755	755	1
C14orf156	0	-	0	-	1
C14orf159	-	0	-	-	1
C14orf31	-	-	-	3717	0
C14orf80	-	-	-	111	1
C14orf87	-	-	-	79	1
C14orf9	-	12	12	231	1
C14orf94	-	-	-	0	1
C15orf20	-	0	-	-	1
C15orf24	-	-	34	-	1
C15orf25	-	-	-	0	1
C15orf29	3817	3817	3817	-	1
C16orf33	-	-	-	0	1
C16orf48	0	-	-	0	0
C16orf9	-	-	-	5106	1
C17orf39	-	-	-	0	1
C18orf19	-	-	-	0	1
C18orf23	-	-	1214	-	0
C18orf24	-	-	-	0	1
C18orf37	-	0	0	0	1
C18orf55	-	-	-	0	1
C19orf14	-	-	209	0	1
C19orf6	-	-	278	-	1
C1orf16	-	1768	-	-	1
C1orf21	-	2538	2538	-	1
C1orf41	-	-	-	75	1
C1orf8	-	-	0	0	1
C1QA	6596	6596	-	-	0
C1QTNF6	-	-	78	-	0
C1R	1262	-	-	-	0
C20orf12	-	-	-	0	0
C20orf172	-	-	-	0	1
C20orf175	-	4925	4925	-	0
C20orf23	-	1220	1476	-	0
C20orf30	-	-	-	5776	1
C20orf42	-	-	0	-	1
C20orf52	-	-	0	-	1
C20orf72	-	-	-	0	1
C20orf77	-	-	-	0	1
C20orf86	-	-	555	-	0
C20orf9	-	-	0	-	1
C20orf96	-	0	0	0	1
C21orf45	-	-	-	0	1
C21orf49	-	0	-	-	0
C21orf58	-	-	-	0	0
C21orf59	-	-	0	-	1
C21orf6	-	-	5132	-	0
C21orf66	-	0	-	-	1
C21orf88	-	-	931	-	0
C22orf13	-	0	-	-	1
C22orf18	-	-	-	75	1
C2orf11	76	-	-	-	0
C2orf13	-	-	-	0	0
C2orf29	-	-	-	0	1
C2orf7	-	-	294	-	0
C3F	-	-	-	213	0
C3orf10	-	-	0	0	1
C3orf19	-	-	0	-	1
C4BPA	-	2302	-	-	0
C5orf4	-	7357	7357	7429	1
C5R1	-	3582	-	-	0
C6orf111	890	0	0	-	1
C6orf117	-	-	201	-	1
C6orf128	665	-	-	-	0
C6orf130	-	179	-	0	1
C6orf141	-	234	497	-	0
C6orf152	-	7604	7328	-	0
C6orf166	-	360	116	-	1
C6orf167	-	-	-	0	1
C6orf204	-	0	0	-	0
C6orf21	-	3921	-	-	0
C6orf32	-	-	2160	-	0
C6orf47	-	-	-	4113	1
C6orf48	-	-	-	0	1
C6orf64	-	-	491	-	0
C6orf72	-	179	-	-	0
C6orf78	-	-	1194	-	0
C7orf16	1124	1124	1124	-	0
C7orf20	-	-	-	0	0
C7orf27	-	-	-	0	1
C7orf33	305	305	305	-	0
C7orf35	-	-	0	27	1
C9orf105	-	-	-	0	1
C9orf156	-	-	-	0	1
C9orf19	-	-	1118	-	1
C9orf39	-	-	-	0	1
C9orf40	-	-	-	0	1
C9orf43	-	62	-	0	0
C9orf5	-	0	0	0	1
C9orf74	6029	6029	6029	-	1
C9orf76	-	1555	-	-	1
C9orf79	-	-	3336	-	0
C9orf82	-	-	66	-	1
C9orf93	-	0	-	-	0
C9orf96	-	-	-	0	0
C9orf97	126	5	-	126	1
CA14	-	799	1058	-	0
CA2	1710	1710	1710	-	1
CA4	6876	6876	6876	-	1
CA8	-	258	478	-	0
CABLES1	1761	1761	1761	-	1
CACNA1A	-	412	412	-	1
CACNA1G	1780	-	-	1526	0
CACNA2D1	953	953	678	-	1
CACNG8	-	-	894	-	0
CACYBP	-	-	-	0	1
CALB1	-	-	3389	-	1
CALCA	-	-	1436	-	0
CALCRL	-	-	0	-	0
CALD1	-	-	0	-	1
CALM2	-	1754	1754	-	1
CALR	-	0	0	0	1
CAP1	-	-	-	95	1
CAPON	5812	-	-	-	0
CAPZA2	4834	4834	4834	-	1
CASP10	-	63	-	-	0
CASP8AP2	-	-	-	0	1
CASP9	-	1980	2213	0	1
CATSPER2	-	-	-	0	0
CAV1	-	-	901	-	1
CBLN1	-	-	-	0	0
CBWD1	-	-	0	-	0
CBWD2	-	-	0	-	0
CBX1	-	-	-	0	1
CBX2	-	1145	-	-	0
CBX3	-	336	260	336	1
CBX5	-	0	0	0	1
CBX8	7298	7298	-	-	0
CCDC12	-	-	0	-	1
CCDC6	1909	-	590	-	0
CCHCR1	-	-	-	0	1
CCL2	72	72	0	-	0
CCND1	-	0	-	-	1
CCNE2	-	-	815	-	0
CCT5	-	-	-	13	1
CCT6B	-	-	0	-	1
CCT7	-	-	526	-	1
CD82	5611	5611	5830	-	0
CD99L2	3550	3550	3550	-	0
CDADC1	-	-	-	0	1
CDC14A	-	-	-	375	0
CDC14B	676	676	412	0	1
CDC16	-	-	3742	-	1
CDC2	-	0	0	0	1
CDC20	-	-	-	0	1
CDC23	-	-	-	0	1
CDC25A	-	-	-	0	1
CDC25C	-	-	-	0	1
CDC2L5	-	-	-	434	1
CDC37	-	-	-	0	1
CDC42BPA	-	989	-	-	1
CDC42EP4	-	-	730	-	1
CDC45L	-	0	0	0	1
CDC7	379	118	118	0	1
CDCA1	-	-	-	0	1
CDCA2	-	-	-	0	1
CDCA3	-	-	-	0	1
CDCA5	-	-	-	0	1
CDCA7	-	-	-	0	1
CDCA8	-	-	-	0	1
CDH1	3491	-	3491	-	1
CDH2	-	744	1036	-	1
CDH3	-	0	-	-	1
CDH6	-	0	-	-	0
CDH9	-	0	0	-	0
CDK6	-	1491	1212	-	1
CDK8	-	-	-	0	1
CDKAL1	-	3884	-	-	0
CDS2	-	-	422	0	1
CDW92	1986	1986	1986	4421	1
CDX1	23	-	23	-	0
CDX2	1917	-	0	-	0
CDX4	-	0	0	-	0
CDYL	1762	922	922	-	1
CEBPZ	-	-	0	-	1
CEI	801	1504	1504	-	0
CENPA	-	-	-	0	1
CENTG2	-	-	-	0	1
CEPT1	-	-	780	-	1
CER1	-	0	0	-	1
CERKL	262	-	262	269	0
CETN3	-	427	701	-	1
CFC1	-	-	628	-	0
CFDP1	-	-	-	0	1
CFL1	-	0	23	0	1
CGI-143	-	-	-	0	1
CGI-37	-	0	0	-	1
CGI-62	-	-	19	-	1
CGI-94	-	-	-	0	1
CHCHD3	-	-	-	0	1
CHCHD5	-	-	0	-	1
CHD2	-	-	0	-	1
CHEK1	-	-	-	0	1
CHEK2	-	-	-	515	1
CHERP	-	-	-	0	1
CHES1	-	7046	1451	-	1
CHKB	-	-	-	0	1
CHM	-	-	0	0	0
CHN2	-	4414	3229	-	0
CHRAC1	-	-	-	409	0
CHRFAM7A	-	-	-	113	0
CHRM5	-	6929	-	-	0
CHRNA1	7216	7216	7216	-	0
CHRNB3	-	1416	-	-	0
CHRNE	-	6037	5573	-	0
CHST4	-	-	0	-	1
CHST5	577	-	-	4205	1
CIT	-	-	-	0	1
CITED2	-	-	815	-	1
CKAP1	-	-	-	0	1
CKS2	-	-	0	0	1
CLDN1	-	-	3010	-	0
CLDN6	-	-	3225	5849	1
CLEC1B	-	3626	3626	-	0
CLEC3A	521	-	-	-	0
CLEC7A	1067	-	1067	-	0
CLIC1	-	-	2168	2168	1
CLIC4	-	1042	593	-	1
CLN3	-	0	0	-	1
CLSPN	-	-	-	0	0
CLTA	-	-	-	0	1
CNAP1	-	-	0	-	1
CNN2	-	-	4444	-	1
CNN3	-	-	1388	-	1
CNOT10	-	-	-	0	1
CNOT6	-	-	-	333	1
CNOT8	-	189	262	189	1
CNTNAP3	1321	-	1041	-	1
COG4	-	-	-	34	1
COG7	-	-	0	-	1
COL11A2	-	-	-	7758	1
COL12A1	7204	6964	6964	-	1
COL16A1	-	-	-	989	0
COL21A1	-	978	497	-	0
COL4A5	-	-	144	-	1
COL4A6	-	-	570	-	1
COL7A1	-	-	0	-	1
COL8A1	-	-	4268	-	0
COMMD3	1289	1289	980	-	1
COMMD7	5773	5545	5545	-	1
COPB	-	0	-	-	1
COPB2	-	-	-	1811	1
COPE	-	-	0	-	1
COPS7A	-	0	-	-	1
COPS7B	-	-	-	14	1
CORO6	-	-	-	0	0
COTL1	-	-	165	-	1
COX6A1	-	-	0	-	1
CP110	-	-	0	0	0
CPA5	-	-	333	-	0
CPB1	3251	-	-	-	0
CPOX	-	-	-	0	1
CPS1	901	901	901	-	0
CPT1A	1261	1261	1261	-	1
CPT2	-	-	-	0	1
CREB3L4	-	0	-	3542	1
CREG2	-	1645	-	-	0
CRIM1	-	3444	-	-	1
CRK7	-	564	-	-	1
CRLF3	-	-	-	6935	1
CRSP3	-	-	367	-	1
CRSP6	-	0	-	-	1
CRSP8	-	-	-	0	1
CRYBA2	-	-	270	-	0
CRYBA4	-	-	4419	-	0
CRYBB1	-	-	483	-	0
CRYZ	-	-	475	-	1
CS	-	-	0	-	1
CSAD	1353	1073	1073	-	0
CSGlcA-T	-	4484	4959	4959	0
CSMD3	64	344	64	-	0
CSNK1E	-	590	1544	-	1
CSNK2B	-	-	-	465	1
CSPG2	-	321	34	-	1
CSPG6	-	-	-	0	1
CSTF1	-	-	0	0	1
CSTF2T	-	-	-	0	1
CSTF3	-	-	12	12	1
CTGF	1520	1013	0	-	1
CTH	-	0	-	-	1
CTMP	-	283	-	-	0
CTSL2	-	-	6151	-	1
CTTNBP2	-	-	1688	-	0
CTXN1	-	-	-	151	0
CUGBP2	-	-	216	-	1
CUL4B	-	-	-	57	1
CUZD1	0	-	-	-	0
CXADR	-	-	879	-	1
CXCL5	-	0	-	-	1
CXorf26	0	-	0	-	1
CXorf41	-	-	-	0	0
CYB5-M	-	-	0	0	1
CYB5R2	-	608	-	328	1
CYBASC3	-	-	-	0	1
CYLD	-	-	0	-	1
CYP1A1	-	923	-	-	0
CYP1B1	-	-	130	-	1
CYP24A1	-	-	557	-	0
CYP26B1	692	-	-	-	0
CYP2R1	-	-	0	-	1
CYP2S1	-	-	2494	-	1
CYR61	-	76	76	0	1
CYYR1	988	-	-	-	0
DACH1	2676	2676	2676	-	0
DAND5	-	-	-	4624	0
DARS	-	-	-	0	1
DATF1	-	310	4268	-	1
DAZL	-	5494	-	-	0
DBCCR1L	446	722	177	-	0
DBR1	0	-	-	0	1
DC13	-	-	-	50	1
DCC1	-	601	601	-	1
DCLRE1A	-	-	-	0	0
DCLRE1C	-	-	397	-	1
DCPS	-	-	-	0	1
DCX	-	-	573	-	1
DDX11	-	-	-	0	1
DDX17	-	0	6440	-	1
DDX18	-	-	1908	-	1
DDX20	-	-	5668	-	1
DDX21	-	0	-	-	1
DDX23	-	-	0	0	1
DDX31	612	-	-	-	1
DDX39	-	0	0	0	1
DDX41	-	-	0	0	1
DDX49	-	-	49	-	1
DDX5	-	31	31	-	1
DDX50	-	-	-	312	1
DEK	-	-	-	30	1
DEPDC1	-	-	-	0	1
DEPDC2	0	127	127	-	0
DERL2	-	-	-	105	1
DFFA	-	-	-	0	1
DFNB31	-	33	-	-	0
DGAT2L6	-	5186	5186	-	0
DGKB	-	-	4844	-	0
DHCR7	-	-	1541	-	1
DHDDS	2337	2337	2337	-	1
DHFRL1	-	0	0	0	0
DHRS3	1109	1109	1109	-	1
DHRS6	-	0	-	-	1
DHX35	-	-	-	141	1
DHX38	-	0	0	-	1
DHX40	-	-	-	0	1
DIAPH3	-	103	-	0	1
DIRC2	-	-	244	-	1
DKFZP434B168	-	-	-	0	1
DKFZp434I1020	-	-	-	0	0
DKFZp547D2210	-	6899	-	-	0
DKFZp547G0215	-	103	103	-	0
DKFZP564F0522	-	3778	-	-	1
DKFZP564G2022	-	-	0	-	1
DKFZP564K0822	-	-	946	-	1
DKFZP564O0523	-	-	0	-	0
DKFZP566D1346	0	-	-	0	0
DKFZP586A0522	-	-	0	-	1
DKFZp667B0210	1364	6447	5966	-	0
DKFZp686I15217	3301	-	-	-	0
DKFZp761A078	-	-	-	0	1
DKK1	165	0	0	-	1
DKKL1	-	0	-	-	0
DLEU1	-	-	-	0	1
DLEU2	-	-	-	0	0
DLG7	-	-	0	0	1
DLGAP1	-	-	-	7724	0
DLL1	5366	7225	-	-	0
DLX1	1203	1203	1203	-	0
DLX2	2944	-	-	-	0
DLX4	3011	5332	665	-	0
DLX5	62	62	0	-	0
DMD	-	-	-	676	1
DMRT1	995	715	715	-	0
DMRT3	-	-	2390	-	0
DMTF1	-	-	-	0	1
DMXL1	-	-	439	-	1
DNAJC8	-	-	2968	-	1
DNAJC9	3494	-	3494	3494	1
DNASE2	-	-	-	3404	0
DNM2	-	77	77	-	1
DOCK5	-	-	4470	-	0
DOK3	-	-	6388	6388	0
DPAGT1	-	0	0	-	1
DPM1	-	-	0	-	1
DPP3	-	0	-	-	1
DPP9	-	168	-	-	0
DPPA2	-	0	0	-	0
DPPA4	0	0	0	-	1
DPYSL2	383	137	383	-	1
DPYSL3	1079	1079	1079	-	1
DQX1	-	-	-	3074	0
DRF1	-	-	-	0	0
DSC3	0	-	-	-	0
DSG2	-	-	-	253	1
DTNA	2067	2067	2067	-	1
DTX2	-	-	3098	-	1
DUSP12	483	235	483	-	1
DUSP6	1365	83	0	-	1
DVL2	-	5058	5058	5058	1
DXS9879E	-	-	-	0	1
DYM	-	-	4347	-	1
E2F3	-	114	442	0	1
EAF2	-	-	-	0	0
EDA2R	-	-	182	-	0
EDD	817	373	354	373	1
EEF1B2	-	-	-	0	1
EEF1E1	-	-	0	0	1
EEF2	-	14	289	-	1
EFTUD1	4271	-	-	-	1
EGLN3	-	132	132	-	1
EGR1	-	-	-	0	1
EGR3	-	0	-	-	1
EHBP1	-	-	247	-	1
EHD4	-	-	0	-	1
EIF1AY	5364	-	-	5626	0
eIF2A	-	-	0	-	1
EIF2AK3	-	-	0	-	1
EIF2C2	-	452	-	-	1
EIF2S1	0	-	-	0	1
EIF3S12	-	-	-	0	1
EIF3S5	-	0	0	0	1
EIF3S7	-	-	0	-	1
EIF3S8	-	-	-	0	1
EIF3S9	-	-	-	374	1
EIF4B	-	-	383	-	1
EIF4ENIF1	-	-	912	-	1
EIF4G2	-	452	452	-	1
ELAVL2	1270	1270	-	-	1
ELL2	-	-	0	-	1
ELMOD1	-	764	-	-	0
EME1	-	-	0	-	0
EMP2	-	-	-	0	1
EMX2	-	-	360	-	0
EN1	32	32	6863	-	0
EN2	4817	-	-	-	0
ENAH	-	-	-	0	1
ENC2	-	-	-	0	0
ENDOGL1	-	-	-	0	0
ENPEP	-	-	2634	-	0
ENPP2	0	0	0	-	1
ENPP3	-	-	7867	-	0
ENPP4	-	-	-	0	0
ENSA	-	0	0	-	1
ENST00000215770	-	-	4483	-	0
ENST00000217260	-	-	3184	-	0
ENST00000217537	-	1048	1048	-	1
ENST00000218188	5556	-	-	-	0
ENST00000218328	-	1200	-	-	1
ENST00000238256	-	-	-	0	1
ENST00000244321	-	-	-	4746	1
ENST00000246013	-	1465	-	-	0
ENST00000246083	5210	4948	4948	-	0
ENST00000250479	-	-	6733	-	0
ENST00000252032	-	841	841	-	1
ENST00000255500	-	-	-	343	1
ENST00000258728	-	-	6576	-	0
ENST00000259327	-	870	-	-	0
ENST00000260257	-	-	0	-	0
ENST00000263256	-	-	-	567	1
ENST00000265140	-	-	-	0	0
ENST00000268043	-	3926	-	-	0
ENST00000269142	-	-	481	-	1
ENST00000279028	-	-	4680	-	0
ENST00000279873	-	0	0	-	1
ENST00000285199	-	-	-	0	0
ENST00000289348	945	-	-	781	0
ENST00000290943	-	-	897	-	0
ENST00000291011	110	-	-	3	0
ENST00000291982	2790	2790	2790	-	0
ENST00000293218	-	4573	-	-	0
ENST00000296508	989	6693	6467	-	0
ENST00000298125	-	317	-	-	0
ENST00000298406	6875	6941	6628	-	1
ENST00000298439	-	-	-	3215	0
ENST00000300358	-	-	-	251	0
ENST00000302155	-	4002	4002	-	1
ENST00000303758	-	-	7347	-	0
ENST00000304181	256	-	256	-	0
ENST00000304908	-	-	-	583	0
ENST00000304952	5191	-	-	-	0
ENST00000305188	-	-	-	0	0
ENST00000305321	-	-	0	0	0
ENST00000305339	-	-	-	0	0
ENST00000308142	4272	3993	4272	-	0
ENST00000308618	-	4605	4605	-	0
ENST00000309024	-	1507	1507	-	1
ENST00000309467	1187	1187	1187	-	0
ENST00000310496	701	-	-	-	1
ENST00000313737	-	1396	-	1396	0
ENST00000314890	-	-	127	-	0
ENST00000316011	-	2792	2207	-	0
ENST00000316333	4617	-	1908	-	0
ENST00000317976	-	-	-	715	1
ENST00000319884	1568	1568	1568	-	0
ENST00000321662	-	-	-	157	0
ENST00000321905	-	-	283	670	0
ENST00000321991	-	7021	-	7298	0
ENST00000322309	-	-	3612	-	0
ENST00000322358	-	6736	-	-	0
ENST00000322567	-	-	28	-	0
ENST00000323051	-	1540	-	-	0
ENST00000323426	-	-	6960	0	0
ENST00000324434	-	-	-	0	0
ENST00000325371	-	-	-	2574	0
ENST00000326237	-	-	-	0	0
ENST00000327804	-	-	2083	-	0
ENST00000327898	-	-	-	0	0
ENST00000327975	508	508	-	-	0
ENST00000328281	-	-	2436	-	0
ENST00000329118	-	-	5232	-	0
ENST00000330469	-	-	376	-	0
ENST00000330543	-	-	1773	-	0
ENST00000330676	-	6688	6425	-	0
ENST00000331014	865	865	586	-	0
ENST00000331019	-	-	-	2612	0
ENST00000332835	-	-	681	-	0
ENST00000333380	6055	6055	6055	-	0
ENST00000334280	2740	-	-	-	0
ENST00000334440	1643	1643	1643	-	0
ENST00000334534	-	0	0	-	0
ENST00000334708	-	1190	773	-	0
ENST00000335342,ENST00000336377	437	437	-	-	0
ENST00000335498	-	-	-	0	0
ENST00000335507	-	-	-	0	0
ENST00000338461	-	375	95	375	0
ENST00000339485	-	378	-	657	0
ENST00000340225	-	-	0	-	0
ENST00000340457	-	-	-	0	0
ENST00000340967	-	-	-	338	0
ENST00000341482	-	-	7811	-	0
ENST00000343447	4004	-	3870	-	0
ENST00000343804	-	-	-	5150	0
ENST00000343904	-	4377	4377	-	0
ENST00000345108	-	-	-	3898	0
ENST00000354314	-	-	-	66	0
ENST00000354576	-	3909	-	-	0
ENST00000354929	-	2829	-	-	0
ENST00000355830	6053	6053	-	-	0
ENST00000355920	-	8000	-	-	0
ENST00000356236	-	-	-	1155	0
ENST00000356724	-	0	0	-	1
ENST00000356869	-	-	2709	-	0
ENST00000357217	-	2126	2126	-	0
ENST00000357878	-	2750	-	-	0
ENST00000358347	-	-	5191	-	0
ENST00000358410	-	-	-	0	1
ENST00000358688	-	7175	7175	-	0
ENST00000359178	-	-	1688	-	0
ENST00000359260	-	-	251	-	0
ENST00000359554	-	-	5108	-	0
ENST00000360566	-	-	-	0	0
ENST00000360940	-	1189	1189	1189	0
ENTPD1	81	-	0	-	1
EOMES	6354	6091	801	-	1
EPHA1	1484	1484	1484	-	1
EPHA4	4025	4025	4025	-	0
EPHA5	-	-	-	6696	0
EPHA7	-	-	330	-	0
EPHB3	-	-	2681	-	0
EPM2AIP1	-	66	0	66	1
EPS15L1	-	-	845	-	1
ERBB2	-	900	900	-	1
ERCC1	-	-	3361	-	1
ERH	-	-	0	-	1
ESM1	-	-	1390	-	0
ESPL1	-	-	-	291	1
EST1B	92	-	92	0	1
ESX1L	2890	2233	2233	-	0
ET	-	-	-	0	0
ETAA16	-	-	-	0	0
ETHE1	-	6627	-	-	1
ETNK1	-	-	319	-	1
ETV3	1806	-	1806	-	0
ETV5	-	1003	1003	-	0
EVA1	-	-	23	-	0
EVPL	-	-	2168	-	0
EVX1	1112	-	832	-	0
EXO1	-	-	-	0	1
EXOSC5	-	0	0	0	1
EXOSC9	4360	4360	4360	-	1
EXTL2	-	-	359	-	1
F11R	-	-	6951	-	1
F25965	-	-	0	-	1
F2R	-	-	-	136	0
FAM13C1	-	499	499	-	0
FAM20C	-	-	4110	-	1
FAM33A	0	0	0	0	1
FAM35A	-	-	1569	-	1
FAM46B	-	-	-	0	1
FAM46D	-	-	-	1064	0
FAM53C	-	-	-	5316	1
FAM54A	-	-	0	0	1
FANCA	-	-	6444	-	1
FANCC	-	211	-	0	1
FANCD2	-	-	-	0	1
FANCF	-	0	0	-	1
FANCL	-	-	0	0	1
FARSLA	-	4553	4299	4553	1
FAT	-	-	708	-	1
FBL	-	-	-	197	1
FBLN1	-	-	910	-	1
FBXL11	-	-	2393	-	1
FBXL14	-	6573	6573	-	1
FBXL17	-	-	710	-	0
FBXL19	-	0	-	-	1
FBXO11	-	354	-	-	1
FBXO15	-	-	-	333	0
FBXO16	-	0	-	-	1
FBXO31	-	-	4378	-	1
FBXO40	-	0	0	-	0
FBXW11	1792	1792	1792	-	1
FCHSD2	-	-	-	338	0
FDPS	-	-	137	-	1
FDXR	-	-	-	0	1
FEM1A	-	19	19	-	1
FEM1C	-	-	4130	-	1
FEN1	-	-	-	0	1
FERD3L	565	565	288	-	0
FEZ1	858	858	1138	-	1
FGF1	819	819	819	-	0
FGF19	-	743	743	-	0
FGF2	1255	1255	1053	-	1
FGF20	0	0	-	-	0
FGF3	0	-	-	-	0
FGF8	-	-	3048	-	0
FGFR1	5437	5437	5437	-	1
FGFR2	870	870	870	-	1
FGIF	-	-	0	0	1
FHIT	-	-	650	-	1
FHL3	-	-	-	7089	0
FHOD1	-	-	-	0	1
FIBL-6	196	0	0	-	0
FIP1L1	-	0	-	-	1
FKBP14	-	0	0	-	0
FKBP1B	-	-	1913	-	1
FKBP3	-	-	-	0	1
FKBP7	-	0	3641	-	0
FKSG24	-	-	0	0	1
FLI1	4606	5759	6026	-	0
FLJ10006	-	297	16	0	1
FLJ10036	-	-	-	0	1
FLJ10156	-	-	-	0	1
FLJ10233	7599	-	-	7599	1
FLJ10287	-	-	-	76	0
FLJ10357	-	-	-	0	1
FLJ10374	0	0	0	-	1
FLJ10514	-	94	0	0	1
FLJ10618	-	-	-	54	1
FLJ10634	-	0	-	0	0
FLJ10652	978	978	978	-	1
FLJ10661	-	-	-	0	0
FLJ10769	1484	1484	1205	-	1
FLJ10853	-	-	-	1484	1
FLJ10884	-	24	0	-	1
FLJ10891	-	0	0	0	1
FLJ10901	-	-	519	-	0
FLJ10922	-	-	-	155	0
FLJ10970	-	2601	-	-	0
FLJ10996	-	7012	7012	-	1
FLJ11011	-	995	995	-	1
FLJ11021	-	0	0	0	1
FLJ11029	256	101	101	0	1
FLJ11301	0	0	-	-	1
FLJ11331	-	0	0	0	0
FLJ11506	-	-	-	0	1
FLJ12118	-	-	432	-	1
FLJ12436	-	-	-	0	1
FLJ12439	-	1953	-	-	1
FLJ12476	-	-	-	0	0
FLJ12505	-	0	-	0	1
FLJ12529	-	-	-	0	1
FLJ12572	-	-	1303	1582	0
FLJ12666	-	0	0	-	1
FLJ12735	-	-	-	0	1
FLJ12770	-	-	0	-	1
FLJ12788	-	-	0	-	1
FLJ12806	-	-	-	4	1
FLJ12886	-	-	-	0	1
FLJ12973	-	-	-	0	1
FLJ13096	-	-	597	7	0
FLJ13197	-	2074	1795	-	0
FLJ13236	-	3767	-	-	0
FLJ13273	-	-	127	-	1
FLJ13291	-	-	-	0	1
FLJ13479	-	0	-	0	1
FLJ13611	-	-	-	4419	1
FLJ13912	-	-	-	0	1
FLJ13941	-	-	-	0	0
FLJ13984	-	-	390	0	1
FLJ14001	-	-	-	0	1
FLJ14281	-	-	2504	2783	1
FLJ14346	-	-	-	0	1
FLJ14397	-	-	0	-	0
FLJ14451	-	-	-	0	1
FLJ14640	-	95	-	0	1
FLJ14816	0	0	0	-	0
FLJ14936	367	0	367	0	1
FLJ14981	-	169	-	-	1
FLJ16008	-	539	-	-	0
FLJ16517	-	0	0	-	0
FLJ16641	-	-	143	-	0
FLJ20010	-	-	0	-	0
FLJ20097	0	0	0	-	0
FLJ20130	-	-	-	78	0
FLJ20156	-	-	121	0	1
FLJ20211	-	7167	7167	-	1
FLJ20225	-	-	1018	-	0
FLJ20280	-	-	-	0	1
FLJ20297	-	-	-	0	1
FLJ20309	-	978	-	-	1
FLJ20315	-	88	0	-	0
FLJ20331	-	-	-	0	1
FLJ20364	-	-	-	0	1
FLJ20487	-	-	-	0	1
FLJ20508	-	-	-	4	1
FLJ20512	-	35	35	-	1
FLJ20516	-	0	-	0	1
FLJ20582	-	6314	6314	-	1
FLJ20618	-	-	-	4956	1
FLJ20641	-	-	-	0	1
FLJ20643	-	0	0	-	1
FLJ20758	-	-	0	-	1
FLJ21062	-	-	743	-	0
FLJ21128	-	-	-	0	1
FLJ21616	-	0	0	-	1
FLJ21816	-	-	107	-	1
FLJ21908	-	-	-	0	1
FLJ21945	-	-	0	-	1
FLJ22104	-	-	0	-	1
FLJ22313	-	-	-	0	1
FLJ22390	-	-	-	315	0
FLJ22471	-	483	483	-	0
FLJ22573	-	-	5024	-	1
FLJ22624	-	-	-	0	1
FLJ22688	-	0	0	0	0
FLJ22794	-	1359	2223	-	0
FLJ22795	-	-	0	-	1
FLJ22875	-	0	0	0	1
FLJ22955	-	5297	135	-	1
FLJ23221	-	3048	3048	-	1
FLJ23235	-	-	-	68	0
FLJ23263	0	0	0	-	0
FLJ23447	-	-	-	544	0
FLJ23451	-	-	36	-	0
FLJ23518	-	-	-	122	0
FLJ23861	-	-	708	-	0
FLJ25333	-	-	1199	-	0
FLJ25369	6216	6216	6216	-	0
FLJ25416	-	-	0	0	1
FLJ25791	1205	1205	1205	-	0
FLJ25801	-	1717	1717	-	1
FLJ30655	-	-	-	0	1
FLJ30707	-	1189	1189	-	1
FLJ30851	-	-	-	1037	0
FLJ30990	-	-	0	-	0
FLJ31153	-	-	31	-	1
FLJ31438	-	-	0	-	0
FLJ31846	-	-	-	282	0
FLJ31952	-	-	-	0	0
FLJ32001	-	-	0	-	0
FLJ32063	-	-	4345	-	0
FLJ32112	-	-	0	0	1
FLJ32312	455	455	-	-	0
FLJ32363	-	-	-	0	1
FLJ32384	-	49	0	-	1
FLJ32421	-	-	-	0	0
FLJ32447	7153	5568	2626	-	0
FLJ32499	-	76	0	-	0
FLJ32675	-	-	205	-	0
FLJ32734	-	-	-	1000	0
FLJ32825	-	5356	-	-	0
FLJ32949	-	-	-	0	0
FLJ33167	6383	6383	4704	-	0
FLJ33768	6696	-	-	-	0
FLJ33817	-	395	132	-	1
FLJ34047	-	6111	6111	-	0
FLJ35382	-	3347	-	-	1
FLJ35409	2741	7354	2963	-	0
FLJ35867	-	-	-	1072	1
FLJ35894	-	1610	-	-	0
FLJ36754	-	-	-	0	1
FLJ36812	-	-	-	0	0
FLJ36980	-	59	59	-	0
FLJ37118	-	4248	-	-	0
FLJ38725	-	-	-	423	1
FLJ38944	-	-	-	0	0
FLJ39739	-	-	753	-	0
FLJ39779	760	760	0	-	0
FLJ40113	-	-	4909	5749	0
FLJ40125	-	0	-	-	1
FLJ40629	-	-	-	0	0
FLJ40869	-	-	-	2	0
FLJ41131	-	0	0	0	1
FLJ42280	273	-	-	-	0
FLJ43582	2689	1673	1673	-	0
FLJ44186	-	-	-	0	0
FLJ44313	-	718	718	-	0
FLJ45187	2440	2440	2228	-	0
FLJ45455	-	-	547	-	1
FLJ45645	-	-	475	-	0
FLJ45832	2335	-	-	-	0
FLJ45983	-	-	806	-	0
FLJ46082	-	-	3149	3149	0
FLJ46347	1504	1504	1219	-	0
FLJ90652	-	-	-	0	1
FMO4	-	0	0	-	0
FNDC3A	-	-	-	0	1
FOXA2	5	4792	4792	-	0
FOXB1	2932	3755	521	7177	0
FOXC1	2321	-	2321	-	0
FOXD3	3922	1014	734	3922	0
FOXG1B	-	-	5816	-	0
FOXJ1	1512	-	1512	-	0
FOXJ2	-	6123	5852	-	1
FOXL2	-	1916	-	-	0
FOXM1	-	-	-	0	1
FOXN4	-	-	-	0	0
FOXO1A	6723	5729	5527	-	1
FOXO3A	-	-	1412	-	1
FOXP1	-	323	-	-	1
FOXQ1	-	-	-	679	0
FRAT2	2315	2086	2086	-	1
FRS2	-	3108	2898	-	0
FSTL5	-	-	646	-	0
FTL	-	288	-	-	1
FTLL1	6122	6022	6022	-	0
FUS	6752	6752	790	223	1
FUSIP1	-	-	-	0	1
FXR1	-	-	283	-	1
FXYD5	-	1909	1909	-	1
FZD1	-	433	-	114	1
FZD10	2446	2446	2446	-	1
FZD2	-	213	213	-	1
FZD3	-	3154	-	-	1
FZD7	-	2244	2244	-	1
FZD8	-	-	1895	407	1
G22P1	-	-	-	0	1
G3BP	-	0	-	-	1
GAB2	-	-	-	0	0
GABARAPL2	-	-	-	5330	1
GABRA5	1266	-	-	-	0
GABRG3	1433	-	1154	-	0
GABRR2	1644	-	-	-	0
GAD1	-	3171	2925	-	0
GAD2	1985	1985	1707	-	0
GADD45A	-	-	-	107	1
GADD45G	0	0	-	-	1
GADD45GIP1	-	-	-	7745	1
GALK2	-	-	0	-	1
GALNT3	2574	2769	2574	-	0
GALNT8	40	40	0	-	0
GALNTL4	-	-	6218	-	0
GANC	-	-	779	-	1
GAP43	0	-	-	-	1
GART	-	-	0	-	1
GAS	-	6590	6590	-	0
GAS1	213	-	-	-	1
GAS2L1	-	-	106	-	1
GATA3	-	-	1291	-	0
GATA4	3234	-	-	-	0
GATA6	1227	-	1227	-	1
GBA	-	-	-	0	0
GBF1	-	0	0	-	1
GBX2	2867	6781	2867	2867	0
GC20	-	-	-	0	1
GCDH	-	-	-	6053	1
GCET2	-	-	3442	-	0
GCM2	-	2318	4882	-	0
GCNT2	0	0	0	6540	0
GDAP1	-	0	-	-	1
GDF3	-	-	637	-	1
GEMIN7	-	235	0	-	0
GFRA1	0	-	-	0	0
GFRA2	-	-	-	1077	0
GGA1	-	6565	6565	-	1
GGPS1	-	0	-	-	1
GIF	-	460	-	-	0
GIT2	-	-	-	2976	0
GJA1	4186	163	0	-	1
GK2	-	1870	-	-	0
GLA	-	-	0	-	1
GLDC	2024	-	-	-	1
GLG1	-	-	178	-	1
GLI3	5013	347	0	-	0
GLUD1	-	-	1194	-	1
Gm83	-	-	344	-	1
GMNN	-	-	-	41	1
GNA13	-	4870	4870	-	1
GNA14	-	-	446	-	0
GNAI1	-	6514	6514	-	1
GNG10	328	30	0	-	1
GNG12	-	-	5680	-	1
GOLGA4	-	-	851	-	1
GOLGA6	3830	3541	3541	-	0
GOLPH4	-	-	1264	-	1
GORASP2	-	-	569	-	1
GPAM	-	-	1281	-	0
GPC3	3381	-	-	-	1
GPC4	-	-	877	-	1
GPC6	-	2025	1459	-	1
GPD2	-	-	-	0	1
GPHN	-	-	-	247	0
GPR10	18	-	-	-	0
GPR154	1117	-	1117	-	0
GPR174	-	-	-	5787	0
GPR31	-	-	5427	-	0
GPRC6A	-	760	479	-	0
GPS1	510	-	-	-	1
GRAP2	4652	4448	4448	-	0
GREB1	-	-	564	-	0
GRID2	606	829	-	-	1
GRIM19	-	-	0	-	1
GRIN3A	-	609	-	-	0
GRIPAP1	-	-	15	-	1
GRK6	-	0	-	-	1
GRM4	-	1222	1222	-	0
GRPEL2	-	-	0	-	1
GSC	2223	96	96	-	0
GSG2	-	-	-	0	0
GSH1	1035	-	-	-	0
GSH-2	5008	5008	399	-	0
GSK3A	-	0	0	0	1
GSK3B	-	1156	-	-	1
GSPT2	-	358	83	-	1
GSTT2	-	-	956	-	1
GTF2E1	-	-	7882	-	1
GTF2H2	-	-	0	-	1
GTF3C4	245	-	6444	-	1
GTF3C5	-	-	-	0	1
GTL3	-	0	-	0	1
GTPBP1	4129	-	0	0	1
GTPBP3	0	0	0	0	1
GTSE1	-	-	-	0	1
GUCY2F	3744	-	-	-	0
GYPC	-	-	681	-	1
H17	-	-	-	0	1
H2AFJ	2247	738	738	0	1
H2AFV	-	-	-	0	1
H2AFX	-	6517	6240	0	1
H2AFZ	-	-	507	507	1
H3F3B	-	0	-	-	1
HAND1	3387	6638	6358	-	0
HAND2	1178	634	634	-	0
HAS2	0	0	0	0	1
HAT1	-	-	-	0	1
HBG1	7177	7177	7177	-	0
HBG2	2253	2253	2253	-	0
HBP1	-	553	2898	-	1
HBS1L	-	-	-	0	1
HBXAP	-	0	-	0	1
HCAP-G	-	-	-	0	1
HCFC1R1	-	-	1939	0	1
HDAC11	-	-	6962	-	0
HDAC2	-	912	-	-	1
HDAC9	-	0	-	-	1
HDCMA18P	-	0	0	0	1
HDGF2	-	398	-	-	1
HDHD4	-	-	-	0	0
HDLBP	-	-	-	0	1
HEAB	-	7	-	-	1
HECTD2	-	3525	3445	-	1
HELLS	-	491	491	0	1
HEPH	-	0	-	-	1
HERC2	-	-	-	156	1
HESX1	0	0	0	-	1
HEY2	-	-	663	-	1
HGD	-	-	1084	-	0
HHAT	-	267	267	-	0
HHEX	1098	1098	1098	-	1
HHLA3	57	-	-	0	1
HIF1AN	-	0	-	-	1
HIRIP3	-	-	-	0	1
HIS1	-	80	80	0	1
HIST1H1A	-	1225	1484	3241	0
HIST1H1B	3205	1862	1862	1786	0
HIST1H1D	0	0	0	5251	0
HIST1H1E	-	-	1290	-	0
HIST1H2AB	-	-	-	1110	0
HIST1H2AE	-	0	896	0	0
HIST1H2AG	-	-	-	0	0
HIST1H2AH	-	7506	-	0	0
HIST1H2AI	-	0	-	0	0
HIST1H2AJ	-	0	-	0	0
HIST1H2AK	-	-	-	0	0
HIST1H2AL	-	0	0	0	0
HIST1H2AM	0	0	0	0	0
HIST1H2BB	-	225	-	-	0
HIST1H2BD	-	-	0	-	1
HIST1H2BE	0	0	0	-	0
HIST1H2BF	0	0	0	0	0
HIST1H2BG	-	0	1144	0	0
HIST1H2BH	-	0	0	0	0
HIST1H2BI	510	-	-	1216	0
HIST1H2BJ	-	6068	-	0	0
HIST1H2BK	-	-	-	0	0
HIST1H2BL	-	0	-	0	0
HIST1H2BM	-	45	-	0	0
HIST1H2BN	5912	-	-	0	0
HIST1H2BO	240	0	240	0	0
HIST1H3A	-	0	889	540	0
HIST1H3B	-	-	-	0	0
HIST1H3C	-	1221	-	-	0
HIST1H3D	253	0	0	0	0
HIST1H3E	-	0	0	6090	0
HIST1H3F	-	624	80	0	0
HIST1H3G	1670	-	-	0	0
HIST1H3H	-	1340	-	1235	0
HIST1H3I	755	755	755	718	0
HIST1H3J	1928	0	0	39	0
HIST1H4A	-	0	0	0	0
HIST1H4B	-	-	-	4330	0
HIST1H4C	-	0	0	0	1
HIST1H4D	-	201	482	7756	0
HIST1H4E	4658	0	0	0	0
HIST1H4F	4905	4905	5179	0	0
HIST1H4G	-	4254	3710	3337	0
HIST1H4I	-	0	-	0	0
HIST1H4K	0	-	-	0	0
HIST1H4L	1950	0	0	0	0
HIST2H2AA	-	0	0	0	1
HIST2H2AB	0	0	-	0	0
HIST2H2AC	704	0	-	164	0
HIST2H2BE	996	0	-	456	1
HIST2H3C	-	0	0	0	0
HIST2H4	0	0	0	0	0
HIST3H2A	-	320	320	0	1
HIST3H2BB	-	73	73	0	0
HIST4H4	744	1803	744	3072	0
HLA-DQA1	-	-	621	-	0
HLXB9	-	3252	3252	-	0
HMG20A	0	0	0	-	1
HMGB2	0	-	-	0	1
HMGB3	-	-	-	0	1
HMGN3	-	-	-	0	1
HMGN4	-	-	1202	-	1
HMOX1	-	3899	-	-	1
HN1	447	0	0	-	1
HNRPA1	-	0	0	0	1
HNRPA2B1	-	116	186	0	1
HNRPAB	-	-	-	0	1
HNRPC	-	46	-	46	1
HNRPD	-	-	-	521	1
HNRPH2	-	-	59	-	1
HNRPH3	-	-	-	94	1
HNRPK	-	1748	-	-	1
HNRPL	-	240	-	-	1
HNRPLL	-	-	-	165	1
HNRPR	-	-	-	50	1
HNRPU	-	-	-	0	1
HNRPUL1	-	0	0	0	1
HOP	5942	5942	5942	-	0
HOXA1	-	3287	645	-	0
HOXA13	5810	-	-	-	0
HOXA3	2297	-	-	-	0
HOXA4	637	-	-	-	0
HOXA6	7473	-	-	-	0
HOXA7	221	-	-	-	0
HOXA9	1232	-	-	-	0
HOXB1	0	0	0	-	0
HOXB13	-	4347	1201	-	0
HOXB3	6846	124	124	-	0
HOXB4	2952	-	-	-	0
HOXB5	2758	-	2117	-	1
HOXB6	210	-	1940	-	0
HOXB9	-	-	5435	-	0
HOXC12	867	-	-	-	0
HOXC4	1313	1313	476	-	0
HOXD1	-	-	615	-	0
HOXD11	2737	-	3015	-	0
HOXD12	-	-	5258	-	0
HOXD13	-	3642	1198	-	0
HPCL2	-	-	-	297	1
HPRP8BP	-	-	-	16	1
HPSE2	-	0	0	-	0
HRB2	-	-	0	-	1
HRBL	-	-	-	0	0
HRG	-	-	1731	-	0
HRMT1L6	-	-	-	0	1
HSC20	5032	5032	5032	291	0
HSD17B12	-	0	0	0	1
HSD17B8	-	-	-	4185	1
HSFY2	-	-	-	5318	0
HSPA4	-	-	21	-	1
HSPA5	-	-	0	-	1
HSPA8	-	-	-	320	1
HSPBAP1	-	-	251	-	1
HSPC016	-	-	-	17	1
HSPC111	-	-	0	-	1
HSPC129	-	-	-	0	1
HSPC138	-	0	-	-	1
HSPC150	-	0	0	0	1
HSPC171	-	-	2181	0	1
HSPC196	-	-	-	262	1
HSPC268	-	0	821	523	0
HSPCA	2026	-	2026	-	1
HSPCB	-	0	-	-	1
hSyn	5009	83	2742	83	1
HTF9C	-	-	-	57	0
HTLF	-	-	-	140	0
HTPAP	-	1156	-	-	1
HTR2B	-	-	301	-	0
HTR2C	2228	-	-	-	0
HUMMLC2B	-	3750	3750	3896	0
HYPE	2791	2791	-	-	1
HYPK	-	-	-	3763	1
ICMT	3422	3221	3422	-	1
ID1	-	820	820	-	1
ID2	694	-	3709	-	1
IDH3A	-	-	1345	-	1
IDH3G	-	0	-	-	1
IER2	-	-	-	638	1
IER3IP1	-	-	-	0	1
IER5L	526	526	526	-	1
IFI16	2580	2053	2053	-	1
IFIH1	2572	2572	2572	-	0
IFRG28	-	7476	7476	-	0
IGFBP2	-	584	584	-	1
IGFBP3	-	-	2381	-	1
IK	-	0	-	-	1
IL12A	-	6556	-	-	0
IL1RAPL1	688	-	688	-	1
IL22RA2	-	-	1192	-	0
IL23A	-	-	-	4655	0
IL2RG	6495	6350	6350	-	0
IL4I1	-	-	-	448	0
ILF2	-	0	0	-	1
ILF3	-	0	0	0	1
IMAA	-	698	698	-	1
IMP-1	-	1470	1751	-	0
IMP-3	-	0	0	0	1
ING1	-	-	7076	-	1
ING4	-	0	0	-	1
INHA	5730	6328	5730	-	0
INHBA	-	1031	-	-	1
INHBC	-	-	-	3263	1
INM01	-	542	542	-	1
INPP4A	-	-	1243	-	1
INSM1	1959	1959	1959	-	0
IPF1	1909	2189	2189	-	0
IPLA2(GAMMA)	-	-	-	0	1
IPMK	-	-	790	-	0
IPO8	-	-	-	0	1
IQCB1	-	-	-	0	1
IQCE	-	-	-	2311	0
IQGAP3	-	-	-	0	1
IQSEC2	-	1278	1053	-	0
IRX2	81	844	844	-	1
IRX5	-	-	-	201	0
ISL1	358	3363	358	-	0
ISL2	3	-	-	-	0
ISOC2	-	-	3106	-	1
ITGA7	-	-	-	7729	1
ITGB1	-	-	3392	-	1
ITGB3BP	-	-	-	0	1
ITIH5L	5775	5775	-	-	0
JARID2	385	64	2426	-	1
JMJD1A	218	0	0	-	1
JRKL	-	-	-	873	0
JUB	-	167	167	-	1
JUN	-	-	0	0	1
JUND	0	-	-	-	1
JUP	7078	8	7078	-	1
K-ALPHA-1	-	-	-	0	1
KATNAL2	-	20	-	-	0
KATNB1	-	-	1492	-	1
KAZALD1	-	-	-	29	0
KBTBD10	-	1495	1495	-	0
KBTBD6	-	-	-	0	1
KBTBD7	-	-	-	0	1
KCNA1	-	-	-	1469	0
KCNH4	-	-	-	0	0
KCNH5	1269	1009	-	-	0
KCNH8	-	686	966	966	0
KCNJ1	-	3181	3181	-	0
KCNJ4	-	-	6522	-	0
KCNJ6	-	0	-	-	0
KCNK1	-	-	-	0	1
KCNMB2	-	0	0	-	0
KCNMB4	5054	5054	-	-	1
KCNN2	1644	0	1380	-	1
KCNN3	3255	2995	-	-	0
KCNQ1DN	-	1425	1425	-	0
KCTD13	-	-	-	70	0
KCTD15	-	-	1068	-	1
KCTD2	-	-	4900	-	1
KCTD9	-	-	-	382	1
KDELR3	-	-	6235	-	1
KDR	6593	6316	6593	-	1
KENAE	-	-	-	2482	0
KHDRBS1	-	-	5417	-	1
KHSRP	-	-	218	-	1
KIAA0056	-	-	-	0	1
KIAA0063	849	-	5207	4927	1
KIAA0101	1216	-	1216	0	1
KIAA0117	-	-	-	54	1
KIAA0152	-	-	-	97	1
KIAA0174	0	-	-	0	1
KIAA0241	-	-	5044	5004	1
KIAA0247	-	372	-	-	1
KIAA0251	-	-	-	0	1
KIAA0406	-	-	-	8	1
KIAA0495	-	0	-	-	1
KIAA0586	-	300	-	-	0
KIAA0652	-	-	0	-	1
KIAA0701	-	-	-	0	1
KIAA0738	-	4534	4534	-	1
KIAA0773	-	-	6277	-	1
KIAA0895	-	-	-	0	1
KIAA0962	-	41	41	1992	1
KIAA1002	-	-	-	0	1
KIAA1143	0	0	0	0	1
KIAA1164	-	0	0	0	1
KIAA1166	-	0	-	-	1
KIAA1217	-	-	919	-	1
KIAA1229	-	0	0	-	1
KIAA1279	0	0	-	0	1
KIAA1280	-	-	3611	-	1
KIAA1344	-	-	-	109	1
KIAA1468	-	200	-	-	0
KIAA1505	-	0	0	0	0
KIAA1529	0	-	-	-	0
KIAA1573	-	1499	1499	-	1
KIAA1586	-	-	-	0	1
KIAA1623	2243	2243	1938	2243	1
KIAA1683	7039	-	-	-	0
KIAA1715	-	-	-	0	0
KIAA1754	-	169	0	-	0
KIAA1764	-	-	-	0	1
KIAA1799	-	-	-	27	0
KIAA1853	0	0	-	-	0
KIAA1919	4548	4548	4548	-	0
KIAA1972	-	-	6990	-	1
KIF11	-	1349	-	0	1
KIF13A	-	532	812	0	0
KIF15	0	0	0	0	1
KIF18A	-	-	-	0	1
KIF20A	-	-	-	0	1
KIF22	-	-	-	0	1
KIF2C	-	0	-	0	1
KIF9	-	-	1031	-	1
KITLG	301	790	790	301	0
KLF15	-	-	5075	-	0
KLF5	3447	3447	3447	-	1
KLF6	-	-	809	-	0
KLF7	1333	-	274	-	1
KLHDC1	-	-	-	4794	0
KLHL10	-	-	-	2111	0
KLHL13	-	0	0	-	0
KLHL14	283	-	-	-	0
KLHL18	-	-	591	-	1
KLHL4	15	-	15	-	1
KLHL5	0	0	0	-	1
KLRA1	6640	-	-	-	0
KNTC1	-	0	0	0	1
KPNA3	-	511	511	6	1
KRT12	-	6651	6651	-	0
KRT18	-	-	2845	-	1
KRTAP13-3	-	547	178	-	0
KRTAP13-4	-	3188	3188	-	0
KRTAP19-6	428	-	-	-	0
KRTAP3-1	608	-	0	-	0
LAMA4	612	340	108	-	1
LARGE	2392	2392	2392	-	1
LARS	-	-	0	-	1
LASP1	-	1697	-	-	1
LAT1-3TM	-	693	693	-	1
LBP	3564	3564	3564	-	0
LBX1	32	32	32	-	0
LCMT2	-	-	0	0	1
LDHA	-	-	-	0	1
LDOC1	-	-	-	4281	1
LECT1	-	-	850	-	1
LEF1	608	-	2505	-	0
LEFTY1	-	653	653	-	1
LEFTY2	4499	4107	4107	-	1
LENG9	-	138	-	-	0
LEPROTL1	-	-	7505	-	1
LETM2	-	22	22	-	0
LGALS13	5514	-	-	-	0
LGI1	454	454	454	-	0
LHFPL1	-	0	-	-	0
LHPP	7128	7128	7128	-	1
LHX1	1125	-	1125	-	0
LHX2	563	5417	5417	-	0
LHX4	-	-	739	-	0
LHX5	6103	6103	6358	-	0
LHX8	-	1442	-	-	0
LIAS	-	133	-	-	0
LIM2	-	6157	6157	6157	0
LIPI	-	-	-	2721	0
LMCD1	-	-	1608	-	1
LMNB1	-	-	-	0	1
LMO3	-	2425	2425	-	0
LMO6	-	4553	-	-	0
LOC112937	-	-	2789	-	0
LOC113828	-	-	0	-	0
LOC115509	-	-	0	0	0
LOC116238	-	-	1328	-	1
LOC124402	-	-	1072	0	1
LOC124491	7164	7164	7164	0	1
LOC126147	-	-	1294	-	0
LOC127253	-	-	370	-	1
LOC130951	-	-	0	-	0
LOC132321	-	-	-	0	0
LOC134145	-	-	-	0	0
LOC137392	-	-	238	-	1
LOC148898	-	-	1391	-	1
LOC151963	-	-	531	-	0
LOC153364	1906	1906	1906	-	0
LOC153684	-	-	1370	-	0
LOC162427	-	0	0	0	1
LOC169355	0	0	0	-	0
LOC196394	-	-	3647	-	0
LOC200008	-	-	0	0	0
LOC201895	-	320	-	-	0
LOC220074	-	-	-	0	0
LOC220869	-	-	0	3108	0
LOC221711	-	1915	0	-	0
LOC283337	5066	5066	5066	-	0
LOC283377	-	-	-	0	0
LOC283932	-	0	-	-	0
LOC338761	-	5411	-	-	0
LOC339448	-	193	-	202	1
LOC349136	5584	535	5584	-	0
LOC375035	-	0	-	0	0
LOC387700	-	658	658	-	0
LOC388152	-	-	0	-	0
LOC388818	-	3037	-	-	0
LOC401137	-	-	4610	-	0
LOC403313	-	21	283	-	0
LOC440138	-	-	0	-	0
LOC440590	6014	6014	5667	-	0
LOC51057	-	-	85	-	0
LOC51066	-	-	2713	-	0
LOC51333	-	-	-	6679	0
LOC55831	-	-	-	0	1
LOC55924	-	-	1603	-	0
LOC55954	-	46	0	46	0
LOC57117	-	-	13	-	1
LOC63920	-	-	-	0	0
LOC89894	-	-	-	0	1
LOC90799	-	218	218	-	1
LOC91661	-	0	-	0	0
LOC91689	-	-	0	-	1
LOH11CR2A	-	0	0	-	1
LOXL2	-	0	-	-	1
LPHN1	-	789	-	789	1
LRAT	84	0	0	-	1
LRFN3	4254	4254	4254	-	1
LRFN5	-	-	7113	-	0
LRIG3	-	-	1504	-	1
LRP2	-	1955	1955	-	1
LRP3	-	-	7221	-	1
LRRC2	7863	6303	445	-	0
LRRC28	-	-	93	93	0
LRRC29	-	-	1889	0	0
LRRN1	1485	1485	959	-	1
LRRN6A	1174	1174	1174	-	1
LRRTM3	0	0	0	-	0
LSM3	-	0	0	0	1
LSM4	-	0	-	0	1
LSM5	-	-	0	0	1
LTBR	-	6954	6954	-	0
LUC7L	-	-	-	0	1
LUC7L2	-	-	-	0	1
LUZP4	-	-	-	5655	0
LY6G5B	-	-	-	5536	0
LY96	5412	5412	5412	-	0
LYPDC1	-	1264	704	-	1
LYPLA3	-	-	-	0	1
LZTS2	-	2554	-	-	0
M11S1	-	0	-	-	1
M96	-	0	-	0	1
MAB21L1	261	507	261	-	0
MAC30	-	-	-	0	1
MAD1L1	1868	-	-	-	0
MAD2L1	-	-	-	0	1
MADP-1	-	5265	5265	-	1
MAGEB3	-	1451	1192	-	0
MAGED2	3169	3169	-	-	1
Magmas	-	-	-	0	1
MAK	-	-	-	0	0
MAK3	-	-	609	-	1
MAMDC2	-	-	0	-	0
MAN2C1	529	529	529	-	1
MAP17	-	2809	-	-	0
MAP1A	-	-	-	6246	0
MAP1LC3B	-	-	2986	-	1
MAP3K11	-	959	959	-	1
MAP3K12	-	449	321	1056	1
MAP3K14	-	-	-	0	0
MAP3K3	13	-	-	13	1
MAP4K1	-	-	-	669	1
MAP4K3	-	-	-	0	1
MAPBPIP	-	0	-	-	1
MAPK14	-	-	1469	-	1
MAPK8	-	-	1639	-	1
MAPRE2	-	294	-	-	1
MAPT	-	-	-	1318	0
MARCH7	-	-	0	0	1
MARVELD2	-	-	861	-	1
MAST1	-	1701	-	-	1
MASTL	-	-	-	0	1
MAT2B	-	612	0	612	1
MAWBP	-	-	-	926	0
MBC2	-	-	-	0	1
MBNL3	-	-	-	5409	0
MCC	691	-	691	-	1
MCFP	-	-	-	701	0
MCM10	-	-	-	0	1
MCM3	-	-	-	0	1
MCM4	-	-	-	0	1
MCM5	-	-	-	185	1
MCM6	-	-	-	0	1
MCTS1	-	0	0	-	1
MDC1	-	4443	-	1665	1
MDH1	-	-	0	-	1
MDM2	-	-	0	95	0
MDS1	-	-	1685	-	0
ME3	6644	6371	6371	-	0
MED12	282	282	282	-	1
MED25	-	4307	4562	4586	1
MEF2A	-	-	210	-	1
MEIS1	595	848	0	-	0
MEIS2	7229	-	-	-	1
MEP50	-	0	0	-	1
METT5D1	-	-	-	0	0
METTL2	-	-	-	0	0
MFAP1	-	-	-	1351	1
MFTC	-	-	49	-	0
MGAT3	-	2942	-	-	0
MGC10485	-	-	-	347	1
MGC13053	-	-	-	554	0
MGC13102	0	-	0	0	0
MGC13125	-	-	-	0	1
MGC13170	-	-	-	0	1
MGC13204	-	-	-	0	1
MGC14151	-	0	0	-	1
MGC14161	-	-	-	0	0
MGC14289	-	1938	1938	-	0
MGC14376	-	719	456	-	0
MGC14798	1583	1583	1583	-	1
MGC15407	-	-	0	-	1
MGC15668	-	-	-	0	1
MGC16279	-	-	-	304	0
MGC17986	-	-	-	0	0
MGC20398	-	-	0	-	0
MGC20781	-	-	-	397	1
MGC21654	-	-	-	0	0
MGC2198	-	-	6	-	1
MGC23908	-	43	-	0	1
MGC2560	-	-	0	-	0
MGC2655	-	-	2029	0	0
MGC26717	6916	-	6692	-	0
MGC2714	-	-	585	-	1
MGC2731	-	-	-	0	0
MGC27466	-	-	0	0	1
MGC2747	-	-	0	-	1
MGC2752	-	-	-	1525	0
MGC2803	-	1912	-	-	1
MGC2941	-	158	158	158	1
MGC29649	-	-	2022	-	0
MGC29814	-	8	8	-	1
MGC29891	-	-	-	0	0
MGC3040	-	3300	2851	-	1
MGC32020	-	0	-	0	0
MGC3248	-	-	308	-	1
MGC33367	-	-	3765	-	0
MGC33371	-	0	-	0	1
MGC34713	-	-	-	0	0
MGC34799	-	0	0	-	0
MGC34830	2568	2568	2568	-	0
MGC35048	-	-	5648	-	1
MGC35212	-	5923	-	-	0
MGC35402	-	0	0	0	0
MGC35440	-	-	1350	-	0
MGC3794	-	-	-	0	1
MGC39518	-	-	147	-	0
MGC39545	0	0	124	-	0
MGC40168	1584	1383	1584	-	1
MGC40179	-	-	7219	7219	0
MGC4170	1711	1711	1711	-	1
MGC4308	-	-	-	22	1
MGC43122	-	-	-	133	0
MGC45800	-	-	198	-	0
MGC4645	-	-	710	-	0
MGC47869	-	0	0	0	1
MGC4796	-	-	119	-	0
MGC48625	-	16	-	-	1
MGC50844	-	-	-	91	1
MGC51082	-	0	-	-	1
MGC5178	-	-	0	0	1
MGC5309	-	-	-	0	1
MGC5391	-	-	96	-	1
MGC54289	-	-	513	-	1
MGC5508	-	7257	7257	7257	1
MGC70924	-	-	-	38	0
MGC8721	-	-	4454	-	1
MGC88374	-	0	-	-	0
MGC88387	0	-	-	-	1
MGC8902	-	-	-	4483	0
MGC8974	-	-	-	0	1
MGC90512	-	-	-	3730	0
MGEA5	109	0	0	0	1
MICA	-	-	2909	-	1
MICB	-	-	3204	-	1
MIG-6	-	1215	-	-	1
MIR16	-	-	1081	1081	1
MIS12	-	-	-	0	1
MKI67	-	-	-	0	1
MKKS	-	0	0	-	1
MKRN1	4760	-	4760	-	1
MLH1	-	0	0	0	1
MLH3	-	-	-	0	0
MLL	-	-	-	179	1
MLLT10	4775	5016	4775	-	1
MLR2	-	-	833	-	0
MMAB	-	-	-	0	1
MMD	-	-	-	0	1
MMP10	-	0	0	-	0
MMP16	0	0	-	-	0
MMP2	393	-	257	-	1
MMP9	-	-	3594	-	1
MNS1	-	-	-	0	1
MOBK1B	-	-	-	9	1
MOBKL2B	-	-	707	-	1
MOBP	-	0	0	-	1
MOCS3	-	-	0	-	0
MORF4L1	-	335	599	63	1
MORF4L2	-	382	0	-	1
MOSPD3	-	17	-	-	1
MOV10	-	-	2095	-	1
MPDZ	-	-	875	-	1
MPHOSPH1	-	0	-	0	1
MPHOSPH6	-	-	-	0	1
MPP4	-	641	641	-	0
MPP6	-	-	5517	-	1
MR-1	-	-	-	0	1
MRE11A	-	-	0	0	1
MRO	231	231	-	-	0
MRP63	-	-	-	29	1
MRPL13	0	-	-	0	1
MRPL15	-	217	-	-	1
MRPL17	-	-	-	0	1
MRPL18	-	-	-	322	1
MRPL27	-	-	0	-	1
MRPL34	-	-	-	0	1
MRPL37	-	-	0	0	1
MRPL39	-	-	-	0	1
MRPL43	-	6858	-	-	1
MRPL47	-	0	-	-	1
MRPL51	-	-	497	-	0
MRPS11	-	4721	-	-	1
MRPS16	0	-	0	0	0
MRPS18B	-	197	-	-	1
MRPS23	-	0	-	-	1
MRPS24	-	-	-	0	1
MRPS25	-	-	-	0	1
MRPS27	-	0	-	0	1
MRPS31	-	0	-	0	1
MS4A4A	-	-	4387	-	0
MSC	152	397	397	-	1
MSH2	-	-	0	0	1
MSH5	-	-	0	0	0
MSH6	-	-	-	0	1
MSL3L1	-	1003	1003	-	1
MST1	-	-	-	848	0
MTAP	-	-	-	0	1
MTBP	0	-	-	0	0
MTHFD1	-	-	-	0	1
MTHFD2	-	-	-	0	1
MTM1	1589	1589	1589	-	1
MTMR1	-	-	4015	-	1
MTR	-	-	-	0	1
MTRF1L	-	-	-	8	1
MTSS1	-	1858	-	-	1
MUC15	-	-	6875	-	0
MUS81	-	1666	1666	1666	1
MUTYH	-	-	-	0	1
MVK	-	-	-	0	1
MXD1	-	-	-	0	0
MXD3	-	-	-	526	1
MYC	-	-	-	0	1
MYEF2	140	-	2	-	1
MYF5	1749	1749	967	-	0
MYF6	-	-	433	-	0
MYH2	-	-	227	-	0
MYNN	-	415	-	-	1
MYO3A	-	-	460	-	1
MYO9A	-	512	-	-	1
MYOD1	-	-	6906	714	0
MYST3	1255	984	1255	-	1
NAALAD2	340	96	96	-	1
NADSYN1	-	-	2637	-	1
NAG	-	11	-	-	1
NAGPA	-	-	-	0	0
NANOG	0	0	0	-	1
NAP1L2	-	-	0	-	1
NAPA	-	-	-	0	1
NASP	-	-	-	0	1
NBR1	-	0	0	-	1
NCBP1	434	313	-	434	1
NCDN	-	2392	-	-	1
NCOA1	6590	6434	-	-	0
NCOR1	-	-	1301	-	1
NDNL2	-	-	624	-	1
NDUFA11	-	0	-	0	1
NDUFA2	-	0	-	-	1
NDUFB3	-	-	6	-	1
NDUFB5	-	0	-	-	1
NDUFB8	-	5679	-	-	1
NDUFS1	-	-	-	0	1
NDUFS2	-	-	121	-	1
NDUFV3	-	-	-	6671	1
NEBL	1470	948	667	-	1
NEDD4L	-	834	1114	-	1
NEDD9	-	59	0	-	0
NEF3	1344	-	-	-	1
NEFL	347	-	-	-	1
NEGR1	-	-	1343	-	0
NEIL3	-	-	-	0	1
NEK2	-	-	-	0	1
NEK7	-	-	0	-	0
NEK8	-	-	299	-	0
NELL1	546	546	-	-	0
NES	-	-	-	0	1
NEUROD1	-	-	0	-	0
NEUROG1	7228	6988	6988	-	0
NEUROG2	1093	5371	-	-	0
NFAT5	-	-	462	-	1
NFATC2IP	-	-	-	0	1
NFE2	-	219	-	-	0
NFE2L3	1162	1162	1162	-	1
NFIA	4553	4553	4273	-	0
NFIX	6658	3798	3798	-	0
NFKBIL1	-	-	-	5362	0
NFKBIZ	-	-	6553	-	0
NFS1	-	-	0	-	1
NFYA	-	0	-	0	0
NHLRC2	-	-	-	0	1
NID67	960	960	960	-	1
NIF3L1	-	-	0	-	1
NIFUN	-	-	0	0	1
NIN	-	-	-	0	1
NIP30	-	-	4675	-	1
NIT1	-	6073	-	-	1
NKIRAS1	-	0	-	-	1
NKTR	-	5713	5562	-	1
NKX2-2	215	441	441	-	0
NKX2-3	1468	7568	2570	2783	0
NKX2-5	7489	-	-	-	0
NKX6-1	4003	-	-	-	0
NM_001005287	-	-	5823	-	0
NM_012294	-	-	3753	-	0
NM_020642	-	-	-	0	1
NM_021000	-	6539	6539	-	0
NM_207512	-	-	297	-	0
NME7	-	66	0	-	1
NMT1	-	-	0	-	1
NMU	-	787	787	-	1
NODAL	-	-	427	-	1
NOL4	-	424	-	-	0
NOL6	-	0	0	-	1
NOLA3	-	-	-	0	1
NOLC1	-	-	114	0	1
NOP5/NOP58	-	-	-	0	1
NOPE	-	-	148	-	1
NOTCH1	-	353	-	-	1
NP	-	7417	7417	7417	1
N-PAC	-	-	-	569	1
NPAS2	-	-	1184	-	1
NPAS3	3427	2538	3427	-	0
NPL4	1689	-	-	-	1
NPM1	-	-	-	0	1
NPR1	-	7196	7196	-	0
NPY2R	-	5401	-	-	0
NR0B2	-	-	-	7513	0
NR1H3	-	-	-	4588	1
NR2E1	5018	5273	2445	807	0
NR2F1	6505	-	-	-	0
NR2F2	3811	-	-	-	1
NR3C2	-	-	838	-	0
NR4A2	5653	5900	2738	-	0
NR4A3	862	601	-	-	0
NR6A1	1211	68	1211	68	0
NRL	-	0	0	-	0
NRN1	0	-	-	-	0
NS3TP2	141	0	0	-	0
NSE2	1155	-	-	-	1
NSUN3	-	0	0	0	1
NT5C2	-	-	3629	-	1
NT5C3	-	-	-	215	1
NT5E	1075	-	-	-	0
NTAN1	-	-	-	0	1
NUBP2	-	-	-	126	1
NUCKS	92	0	92	0	1
NUDC	-	-	-	0	1
NUDT4	-	3507	-	-	1
NUDT5	0	-	0	-	1
NUMA1	-	-	-	0	1
NUP107	-	-	-	0	1
NUP155	56	-	-	0	0
NUP160	-	0	-	-	1
NUP214	-	-	-	0	1
NUP37	-	-	-	1304	1
NUP54	-	-	58	-	1
NUPL1	-	-	-	0	1
NUSAP1	-	7	0	0	1
NUT	-	-	-	1293	0
NUTF2	-	-	-	0	1
NVL	-	-	0	-	1
NYD-SP17	-	-	0	-	0
OACT2	-	-	687	-	1
OAZ2	-	1181	183	-	1
ODAG	-	-	809	-	1
ODF1	-	-	6836	-	0
OFCC1	-	3991	-	-	0
OGT	-	0	-	-	1
OIP5	-	0	0	0	1
OLFM2	0	381	-	-	0
OLFML2A	7071	4979	7071	5525	0
OLFML3	1972	161	1972	-	1
OLIG3	1636	0	0	-	0
ONECUT1	2238	2238	1687	-	0
ONECUT2	1810	-	1810	-	0
OPA3	-	-	-	0	0
OR10K2	-	-	1309	-	0
OR13C4	-	-	5130	-	0
OR2B3	-	5972	5972	-	0
OR2M2	5796	-	-	-	0
OR3A2	-	1707	-	-	0
OR3A4	-	4285	-	-	0
OR4C16	-	-	-	2348	0
OR51I2	-	386	386	-	0
OR51M1	-	-	670	-	0
OR52A5	4364	-	4364	-	0
OR52N5	-	-	-	5006	0
OR5A2	-	-	3460	-	0
OR5AR1	3412	3112	3112	-	0
ORC1L	191	0	191	0	1
ORC3L	-	-	-	0	1
ORC6L	-	0	81	0	1
OS-9	-	-	0	-	1
OSBPL1A	-	326	326	-	1
OSGEP	-	3	6450	6669	1
OSR1	4188	-	1763	-	1
OSR2	282	562	842	-	0
OSRF	-	-	-	30	0
OTP	630	2597	2597	-	0
OTUB1	-	-	7547	-	1
OTX1	1174	4310	1174	5873	0
OXA1L	-	0	0	-	1
OXSR1	-	-	-	260	0
P15RS	-	-	5778	-	1
P4HA1	-	-	1434	-	1
PA2G4	-	-	-	0	1
PAFAH1B3	-	-	-	0	1
PAG	5055	-	-	-	0
PAH	-	-	0	-	0
PAI-RBP1	-	-	-	0	1
PAK1	5592	5592	-	-	1
PAPOLA	-	-	-	0	1
PAPSS2	-	-	7560	-	1
PARD3	1390	-	-	-	1
PARG	0	0	0	0	1
PARP11	-	-	-	0	1
PARP2	-	-	-	0	1
PARP4	-	-	-	0	0
PARP8	-	-	0	-	1
PASK	-	-	-	542	1
PAX2	5824	3932	-	-	0
PAX3	-	-	1862	-	0
PAX6	118	118	118	-	0
PAX7	272	-	-	-	0
PBK	-	-	-	0	1
PBOV1	4554	-	-	-	0
PBX1	-	-	850	-	1
PCBP1	-	1500	1500	-	1
PCDH12	-	2891	-	-	0
PCDH17	-	6714	1514	-	0
PCDH8	-	2861	2861	-	0
PCDHB1	-	-	0	-	0
PCDHB3	-	-	-	2575	0
PCDHGA1	-	-	656	-	0
PCF11	-	0	-	0	1
PCGF4	3063	3063	5821	-	0
PCIA1	-	27	27	3852	1
PCNA	-	-	839	0	1
PCNT2	-	-	-	0	1
PCSK5	-	176	-	-	1
PCTK1	-	0	0	-	1
PCTK2	1176	1176	617	-	1
PCYT1B	-	0	0	-	0
PDCL	0	0	0	-	1
PDE10A	4511	2902	4511	-	0
PDE6D	-	-	-	4864	1
PDF	-	0	0	-	1
PDHA2	-	-	1214	-	0
PDHB	-	-	723	-	1
PDZK8	-	-	-	0	1
PDZRN4	-	1586	-	-	0
PEA15	-	-	1097	-	1
PER2	-	140	-	-	1
PERLD1	-	982	982	-	1
PERP	-	-	729	-	1
PEX1	-	-	93	-	1
PEX13	116	116	-	-	0
PEX14	-	-	-	2050	1
PEX5L	-	290	290	-	0
PF6	-	-	0	0	0
PFKFB1	-	-	5596	-	0
PFKFB4	-	-	-	697	0
PFN4	-	-	-	0	0
Pfs2	-	-	-	0	1
PFTK1	819	819	819	-	1
PGBD4	-	-	0	-	0
PGEA1	26	26	-	-	1
PGM2L1	-	0	-	-	1
PHAX	-	5161	-	-	1
PHF17	0	0	0	-	1
PHF21A	4885	-	-	-	0
PHF21B	-	-	4785	-	0
PHF3	-	-	-	0	1
PHF5A	-	0	0	-	0
PHF8	3634	3634	3634	-	1
PHGDH	0	-	1640	0	1
PHPT1	-	-	-	0	1
PHTF2	-	-	127	75	1
PHYHIP	-	-	7050	-	0
PIAS1	-	-	-	0	1
PICALM	-	-	496	-	1
PIG8	-	320	-	0	1
PIGC	-	-	-	0	1
PIGL	-	-	0	-	1
PIGN	-	0	-	-	0
PIK3R2	-	-	549	-	1
PIK3R3	-	0	-	0	1
PIM1	-	-	-	30	1
PIM2	-	-	1426	-	1
PIN4	-	0	-	-	1
PIP5K1C	0	0	-	-	1
PIPOX	0	0	0	-	1
PITX2	-	5312	5312	-	1
PITX3	-	3726	3726	-	0
PKD1	-	-	-	0	1
PKD1-like	-	1949	-	-	1
PKIB	-	-	0	-	1
PKIG	-	-	6464	-	1
PKLR	-	-	7131	-	0
PKMYT1	-	-	1247	-	1
PKN2	-	-	-	337	1
PLA2G4A	73	-	-	-	0
PLAA	0	-	-	0	1
PLEK	-	2730	-	-	0
PLEKHA3	-	1449	1459	-	1
PLEKHA4	-	3599	-	-	0
PLEKHA8	-	1283	236	-	0
PLEKHA9	-	-	-	0	0
PLEKHF1	-	-	1117	-	0
PLEKHG3	-	2248	2248	-	1
PLEKHJ1	-	-	-	163	1
PLK1	-	-	-	0	1
PLSCR1	-	-	-	0	1
PLXNA2	-	-	-	0	0
PNAS-4	-	-	276	-	1
PNKP	-	-	-	0	1
PNMA1	-	6558	6255	-	1
PNN	-	-	-	0	1
PODXL	-	-	1208	-	1
POLA2	-	-	-	0	1
POLD3	-	-	-	0	1
POLDIP3	-	0	-	-	1
POLE	-	-	-	0	1
POLE2	-	-	-	0	1
POLE3	-	0	-	0	1
POLL	-	-	0	-	1
POLR1A	-	-	0	-	1
POLR2I	-	-	-	0	1
POLR2J2	-	-	0	0	1
POLR3D	-	-	5201	-	1
POLR3E	-	35	-	-	1
POLR3F	-	-	-	80	1
POLR3G	1766	1766	1766	-	1
POLR3K	-	-	-	0	1
POM121	-	0	-	-	1
PORIMIN	-	732	476	-	1
POU2F1	-	237	237	237	1
POU2F3	2974	-	-	-	0
POU3F2	1541	-	1323	-	0
POU3F4	1451	1047	-	-	0
POU4F1	-	-	3578	-	1
POU5F1	1103	1103	1103	ND	1
PPAP2A	1109	1109	1109	-	1
PPARGC1A	-	-	0	-	0
PPFIBP1	-	-	1045	-	1
PPIA	-	-	-	0	1
PPIL1	-	-	-	0	0
PPIL3	-	-	0	-	1
PPIL4	-	-	-	149	1
PPIL5	-	-	-	0	1
PPM1B	-	323	-	602	1
PPM1D	-	-	-	0	1
PPP1R10	-	0	-	-	1
PPP1R11	-	1322	-	-	1
PPP1R12B	-	5814	5814	5814	0
PPP1R13L	-	-	-	0	0
PPP1R14D	-	2259	2259	-	0
PPP1R15A	-	0	-	-	1
PPP1R16B	-	-	542	-	1
PPP1R2	-	5762	4770	-	1
PPP1R7	-	-	-	0	1
PPP2R1A	-	182	0	-	1
PPP2R1B	4651	4651	579	-	1
PPP2R3A	944	944	944	-	1
PPP2R3B	-	-	-	1233	0
PPP2R5A	-	-	-	220	1
PPP2R5C	-	0	107	-	1
PPP6C	-	-	-	0	1
PRAC	534	534	286	791	0
PRC1	-	-	-	0	1
PRCC	-	0	-	-	1
PRCP	-	-	981	981	1
PRDM13	2428	-	0	-	0
PRDM14	3558	3558	71	-	1
PRDX1	-	2566	-	-	1
PREPL	-	-	0	-	1
PREX1	-	-	1521	-	0
PRKAR1A	-	0	-	-	1
PRKCDBP	5250	5250	957	-	1
PRKDC	-	-	-	159	1
PRKRIP1	0	0	-	-	1
PRMT7	-	-	-	0	1
PRNP	-	5813	6093	-	1
PRO0149	-	-	239	-	1
PRO1853	-	-	6	-	1
PRO1855	-	-	-	0	1
PROX1	3930	3930	3930	-	0
PRP19	-	84	0	0	1
PRPF31	0	-	0	-	1
PRPF39	-	-	7058	-	1
PRPS1	1126	-	-	-	1
PRPSAP1	-	0	-	-	1
PRRG1	-	-	-	1286	1
PRSS25	-	-	-	0	1
PRSS8	-	968	968	-	1
PS1D	-	-	-	0	1
PSEN2	-	7187	7187	-	1
PSENEN	-	-	1856	-	1
PSMA1	-	-	248	-	1
PSMA3	4565	-	-	-	1
PSMAL	-	-	484	-	0
PSMB1	-	337	586	-	1
PSMB4	-	-	0	-	1
PSMB5	-	-	0	-	1
PSMC2	-	0	0	-	1
PSMD14	-	-	0	-	1
PSMD4	-	-	-	0	1
PSMD9	-	-	0	-	1
PTBP1	-	-	-	0	1
PTCD2	-	0	-	0	0
PTCH	-	823	823	-	0
PTD015	-	0	-	225	1
PTE1	-	653	653	-	1
PTF1A	387	809	5273	-	0
PTGER2	-	-	66	-	0
PTGS2	-	-	1521	-	0
PTHLH	242	717	717	-	0
PTN	-	1325	1325	-	1
PTPN1	-	-	5668	-	1
PTPN2	993	993	993	-	1
PTPN23	-	-	-	0	1
PTPN3	-	5846	-	-	1
PTPRJ	-	-	5725	-	0
PTRF	7027	-	-	-	0
PUM1	-	0	-	-	1
PVRL1	-	631	-	-	0
PWP1	-	410	410	-	1
PXMP2	-	-	-	232	1
PXMP3	-	-	0	283	1
PYC1	-	4429	-	-	0
PYGM	-	1619	1619	-	0
QARS	-	-	0	-	1
QPCTL	-	-	-	334	0
QTRT1	-	-	-	5317	0
R3HDM	-	-	397	397	1
RAB14	-	-	-	69	1
RAB15	-	1936	1936	-	1
RAB17	-	3361	3361	-	1
RAB25	-	68	68	-	1
RAB30	-	0	0	-	0
RAB36	-	-	-	3175	1
RAB38	-	-	3897	-	1
RAB3D	-	-	6669	-	0
RAB3-GAP150	-	1369	1369	-	1
RAB4B	-	172	-	-	1
RAB5A	771	771	496	-	1
RAB5B	-	-	0	-	1
RAB5C	-	-	-	0	1
RAB8A	-	-	-	254	1
RABL3	-	-	0	-	1
RABL4	-	-	0	-	1
RABL5	-	-	-	0	1
RACGAP1	-	-	-	26	1
RAD17	-	-	-	395	1
RAD18	-	-	1166	-	0
RAD23A	-	7072	7072	7072	1
RAD51	-	-	-	0	1
RAD51C	53	-	-	0	1
RAD54B	171	0	0	0	1
RAD54L	-	-	-	0	1
RAD9B	-	-	-	0	0
RAE1	-	-	-	0	1
RAI1	-	-	784	-	1
RaLP	-	0	0	-	0
RAM2	-	-	-	0	1
RAMP	-	-	-	0	1
RANBP1	-	-	-	0	1
RANBP10	-	0	0	-	1
RANBP3	-	-	-	0	1
RANGAP1	-	-	0	-	1
RAP1A	-	-	0	-	1
RAP1GDS1	-	-	951	-	0
RAP80	-	3513	3513	-	1
RARB	-	-	822	-	1
RARSL	-	-	-	0	1
RASA1	-	4248	4248	-	1
RASGRF2	3221	2747	2747	-	1
RASIP1	-	5721	5998	-	0
RASL11B	-	1277	997	-	1
RAVER1	-	-	-	0	0
RAX	-	2559	2278	-	0
RBAK	-	0	-	-	0
RBBP4	-	-	547	0	1
RBBP5	0	-	-	-	0
RBBP9	-	0	-	-	1
RBED1	-	-	-	0	0
RBL1	-	-	-	0	1
RBM11	-	-	-	6316	0
RBM14	-	-	0	0	1
RBM22	7421	0	7421	0	1
RBM23	-	0	-	0	1
RBM24	-	-	1631	-	0
RBM4	-	-	0	0	1
RBM7	-	-	0	-	1
RBM9	-	-	0	-	1
RBP1	-	-	936	-	1
RBPMS	-	1776	1010	-	1
RC74	-	0	0	-	0
RCOR3	-	1756	-	-	1
RDH10	5882	776	-	-	1
RDH11	-	556	-	-	1
RDH5	-	-	-	3533	0
RER1	-	-	-	0	1
REST	1573	0	0	-	1
RetSat	-	-	-	103	1
RFC1	-	-	-	0	1
RFC2	-	-	-	0	1
RFC3	-	-	-	0	1
RFC4	-	-	-	0	1
RFX1	-	113	113	113	1
RFX4	0	0	-	-	0
RGC32	-	1255	-	-	0
RGL1	1479	-	-	-	0
RGS10	-	1047	1047	-	1
RGS20	-	-	2722	-	0
RGS4	-	5279	5279	-	0
RGS9	-	-	4277	-	0
RGSL2	-	0	0	-	0
RHBDL4	-	-	1136	-	0
RHD	5944	0	0	-	0
RIBC1	-	-	-	0	0
RIF1	52	331	52	0	1
RIPK1	-	856	856	-	1
RKHD2	-	886	-	-	1
RNASE4	-	-	-	0	0
RNASE6	-	806	50	-	0
RNF121	-	-	0	-	1
RNF123	-	-	-	0	1
RNF127	2917	2643	2643	-	0
RNF14	-	4384	-	-	1
RNF144	-	1478	1758	-	0
RNF17	-	-	2164	-	0
RNF2	-	-	1038	-	1
RNF24	1595	1595	1595	0	1
RNF25	-	-	0	-	1
RNF31	-	5388	5388	5388	1
RNF34	-	-	-	0	1
RNF41	-	-	-	2155	1
RNMT	-	-	-	0	1
RNPC2	-	0	0	-	1
RNPS1	-	-	-	0	1
RNUT1	-	-	0	-	1
ROR1	595	595	595	-	1
RORB	3033	3033	2374	-	0
RP11-529I10.4	-	-	0	-	1
RP6-213H19.1	-	-	-	5	0
RPL15	-	0	-	-	1
RPL17	-	-	115	-	1
RPL21	-	-	185	-	1
RPL30	-	0	-	-	1
RPL32	0	-	105	-	1
RPL36A	-	0	-	-	1
RPL4	-	-	-	251	1
RPL41	-	-	-	1566	1
RPL7	-	2243	-	-	1
RPL9	-	0	-	-	1
RPLP1	-	0	0	-	1
RPP25	-	-	1733	-	1
RPP30	-	-	-	236	1
RPRM	-	761	837	-	0
RPS13	-	-	0	0	1
RPS18	22	22	22	156	1
RPS2	-	-	-	7064	1
RPS23	-	-	-	0	1
RPS26	-	0	0	-	1
RPS27A	-	-	0	-	1
RPS29	-	0	-	-	1
RPS3A	557	1451	277	-	1
RPS6KA6	-	-	-	1381	0
RQCD1	-	0	0	0	0
RRAGD	-	782	-	-	0
RRAS	-	0	0	171	0
RRM1	-	-	-	0	1
RRM2	-	-	-	0	1
RRN3	-	0	0	0	1
RRS1	-	7303	6250	-	1
RSBN1L	-	-	-	0	1
RTBDN	-	673	-	-	0
RTDR1	-	-	-	0	0
RTN2	-	2496	-	-	1
RTTN	-	-	-	0	1
RUNX1T1	-	-	7	-	1
RXRB	-	-	-	199	1
RXRG	-	446	446	-	0
RYR3	-	-	5343	-	1
S100A11	-	-	6739	-	1
S100PBPR	-	-	-	196	1
SAE1	-	-	-	0	1
SALL1	4010	4010	2451	-	1
SALL2	-	-	6347	-	1
SALL3	-	-	4498	-	1
SAMSN1	-	-	-	0	0
SAP30	-	923	-	-	1
SART3	-	-	0	0	1
SASH1	-	0	0	-	1
SAT	-	0	-	-	1
SAT2	-	-	0	-	1
SATB2	-	-	4840	-	0
SAV1	-	1089	1089	0	1
SB145	-	0	0	-	0
SB153	-	-	-	0	0
SBP1	-	7276	7276	-	1
SC5DL	-	0	79	-	1
SCAND2	-	-	0	-	0
SCG3	-	0	-	-	1
SCGB3A2	-	-	2882	-	1
SCML1	-	-	79	0	0
SCN3A	-	22	-	-	0
SCNM1	-	0	36	-	1
SCNN1A	-	1156	1372	-	1
SDC4	-	-	1015	-	1
SDCCAG1	-	0	0	-	1
SDCCAG10	-	-	-	23	1
SDCCAG33	-	0	117	-	0
SDCCAG8	-	112	-	-	1
SDHD	-	0	-	-	1
SEC10L1	-	0	-	0	1
SEC11L1	-	-	-	0	1
SEC22L1	-	-	619	-	1
SEC22L3	-	-	388	-	1
SEC8L1	-	-	0	-	1
SECISBP2	-	-	7195	6913	1
SEMA3A	5973	1715	1444	-	0
SEMA3C	-	-	370	-	1
SEMA4F	-	-	6217	-	1
SEMA6A	-	1561	-	-	1
SENP2	-	3451	3451	-	1
SENP8	-	181	-	-	0
SEPP1	-	-	228	-	1
SEPT2	-	-	-	0	1
SEPT6	-	3164	3164	-	1
SERF2	-	-	-	0	1
SERP1	-	-	0	-	1
SERPINA1	-	5829	5829	-	1
SERPINB3	-	-	23	-	0
SERPINB4	-	23	-	-	0
SERPIND1	-	-	-	2186	0
SERPINH1	-	-	1002	-	1
SESN3	1385	3952	1385	-	0
SESTD1	-	-	3502	-	0
SET	0	0	70	-	1
SF3A2	-	-	-	0	1
SF3B1	-	-	0	-	1
SF3B3	-	-	-	0	1
SF3B5	-	0	0	0	1
SFI1	-	-	4920	-	1
SFPQ	-	0	-	0	1
SFRP1	1025	1025	1025	-	1
SFRP2	1197	1197	1197	-	1
SFRS11	-	-	-	0	1
SFRS14	-	632	632	-	1
SFRS15	-	813	813	-	1
SFRS2	-	-	-	0	1
SFRS3	-	-	-	301	1
SFRS4	4338	4338	3904	-	1
SFRS7	-	0	-	0	1
SFXN1	651	651	-	-	1
SGK	-	-	3348	-	1
SGKL	-	404	162	-	1
SGNE1	-	-	0	-	1
SGOL1	-	-	-	0	1
SGOL2	-	-	-	0	1
SGTA	-	0	-	-	1
SH3GL3	-	0	-	-	1
SH3RF2	-	-	0	-	0
SHBG	-	-	0	-	0
SHC3	0	0	0	-	0
SHCBP1	-	-	-	0	1
SHQ1	-	-	-	0	1
SHREW1	-	3599	3599	-	0
ShrmL	239	4	4	-	0
SIL	-	-	-	0	1
SILV	-	-	6807	-	1
SIM1	2141	-	976	-	0
SIM2	-	-	3384	-	0
SIMP	-	-	-	800	1
SIN3B	-	-	3663	-	1
SIVA	-	-	-	0	1
SIX1	1202	-	5287	-	0
SIX2	-	62	-	-	0
SIX3	-	3506	132	-	0
SIX4	-	-	-	306	0
SIX5	-	-	-	77	0
SIX6	788	-	-	-	0
SKIL	2445	2445	1181	-	1
SLAC2-B	-	0	0	0	1
SLC10A2	-	0	0	-	0
SLC12A4	-	-	-	0	0
SLC12A6	-	-	-	5398	1
SLC13A1	-	-	5493	-	0
SLC13A4	-	-	0	-	0
SLC15A2	-	0	0	-	0
SLC16A6	-	2513	-	-	0
SLC17A6	-	164	-	-	0
SLC1A1	-	-	796	-	1
SLC1A5	-	-	-	0	1
SLC24A2	1272	1272	991	-	0
SLC24A3	4546	4546	3676	-	0
SLC25A18	-	219	-	-	0
SLC26A8	-	-	1469	-	0
SLC2A12	-	3146	-	-	0
SLC2A4	-	-	-	0	0
SLC30A1	1999	2264	1999	-	0
SLC30A7	-	-	436	-	1
SLC31A1	-	-	-	0	1
SLC36A4	-	-	27	-	1
SLC38A1	-	-	-	992	1
SLC38A2	-	483	-	-	1
SLC39A1	-	0	-	0	1
SLC39A5	-	-	-	6132	0
SLC39A7	-	-	-	431	1
SLC39A9	-	-	0	-	1
SLC3A2	-	0	-	0	1
SLC40A1	-	-	494	-	1
SLC4A1AP	143	-	0	-	1
SLC7A11	-	0	0	-	1
SLC7A5	-	673	673	-	1
SLC9A2	-	653	653	-	0
SLC9A5	-	-	-	1035	0
SLC9A9	-	350	-	-	0
SLCO4A1	-	-	-	120	1
SLCO4C1	-	-	1066	-	0
SLCO5A1	-	1357	-	-	0
SLITRK5	-	1086	1591	-	0
SLITRK6	-	-	0	-	0
SMAD3	-	1225	1225	-	1
SMAD7	-	-	-	1843	1
SMARCA3	-	20	0	-	1
SMARCA5	-	-	-	6145	1
SMARCAD1	0	0	0	0	1
SMARCB1	-	-	-	175	1
SMC1L1	-	-	-	0	1
SMC4L1	-	-	-	0	1
SMC6L1	-	-	-	101	1
SMPDL3A	-	-	2860	-	0
SNAPC1	-	0	-	-	1
SNAPC3	-	0	-	-	1
SNAPC5	-	-	-	7333	1
SNRP70	-	-	0	0	1
SNRPA	-	0	0	0	1
SNRPA1	-	-	-	0	1
SNRPB	-	-	-	0	1
SNRPD1	-	-	-	0	1
SNRPD2	-	-	-	0	1
SNRPD3	-	0	-	-	1
SNRPE	-	-	0	0	1
SNRPG	-	-	-	0	1
SNRPN	0	0	0	-	1
SNX1	-	1574	1790	1854	1
SNX11	-	-	-	6218	1
SNX13	-	-	-	0	1
SNX5	5904	-	-	0	1
SNX7	-	-	-	44	1
SOCS3	-	4326	4260	-	0
SOCS4	-	-	0	0	0
SON	-	-	0	-	1
SORBS1	1507	-	1210	-	1
SORT1	-	1377	-	-	1
SOX17	1337	-	-	-	1
SOX2	3469	1115	2975	-	1
SOX5	0	0	0	-	0
SP2	-	163	0	0	1
SP4	-	1148	-	0	0
SP8	408	-	-	-	0
SPACA1	-	-	1671	-	0
SPAG5	-	-	-	0	1
SPAG6	6453	6453	290	-	0
SPAG9	0	0	0	0	1
SPARC	-	-	1369	-	1
SPATA11	-	-	0	0	1
SPATA16	-	1014	1014	-	0
SPBC24	-	-	-	0	0
SPBC25	-	-	-	0	1
SPCS2	-	96	-	0	1
SPG20	-	-	300	-	1
SPIC	966	696	696	-	0
SPIN-2	-	-	-	1166	0
SPIRE2	-	-	4861	-	1
SPPL2A	-	-	-	0	0
SPRED1	453	198	453	0	1
SPRY1	-	-	0	-	1
SR-A1	-	1317	1317	1317	1
SRISNF2L	-	-	6214	-	0
SRPR	-	-	-	0	1
SRPX2	-	-	7288	-	0
SRRM1	-	-	-	291	1
SS18L2	-	-	7724	-	1
SSA2	-	-	-	325	1
SSB3	-	-	-	0	1
SSBP2	4074	-	2272	-	1
SSBP3	-	1261	1261	-	1
SSH2	-	-	781	-	0
SSR3	-	-	-	1152	1
SSR4	-	0	-	-	1
SSTR1	4884	4884	-	-	0
SSX2IP	-	-	-	0	1
SSX3	-	2943	-	-	0
ST3GAL2	-	1366	1366	-	1
ST5	-	-	-	80	1
ST6GAL2	3159	3159	2918	-	0
ST8SIA4	153	-	153	-	0
STAF65(gamma)	0	-	0	-	1
STAM	-	-	-	0	1
STAP2	-	39	-	-	1
STARD10	-	202	-	-	0
STAT1	-	-	-	5568	1
STAT3	403	403	403	-	1
STC1	-	1251	1251	-	1
STCH	-	0	-	-	1
STEAP2	1447	1447	1447	-	0
STK11IP	-	-	0	-	1
STK36	-	-	0	-	1
STK4	-	-	-	0	1
STK6	-	-	0	0	1
STMN2	0	-	-	-	1
STRA6	-	0	0	-	0
STRN	-	-	508	-	1
STX10	-	-	-	1316	1
STXBP2	-	7241	7241	-	1
STYX	-	-	-	0	0
SUCLG1	-	-	-	132	1
SUFU	-	90	602	-	1
SULF1	5926	0	0	-	1
SULT1C2	2003	-	-	-	0
SUMO1	-	-	0	0	1
SUPT16H	-	-	-	0	1
SUPT4H1	-	-	776	-	1
SURF4	-	-	-	0	1
SUSD1	-	-	5667	-	0
SYNGR4	-	-	-	0	0
SYNPR	253	253	253	-	0
SYT10	-	-	-	0	0
T	-	-	4668	808	0
T1A-2	-	0	0	-	1
TAF11	-	-	-	0	1
TAF12	5475	5475	5475	-	1
TAF15	-	63	-	-	1
TAL1	380	380	380	-	1
TALDO1	2902	2902	2902	-	1
TAOK2	-	-	-	0	1
TARBP2	-	1882	1754	0	1
TAS2R7	-	-	0	-	0
TBC1D10B	-	910	839	910	1
TBC1D15	-	-	-	0	1
TBC1D17	-	115	-	-	1
TBC1D22B	530	-	-	-	1
TBCC	-	-	0	-	1
TBCE	-	-	-	56	1
TBK1	-	-	815	-	1
TBL1X	-	-	0	-	1
TBL1XR1	1687	1687	1407	-	1
TBL3	-	-	-	0	1
TBN	-	-	4204	-	0
TBP	-	176	176	-	1
TBX20	6993	-	2783	-	0
TBX3	754	-	-	-	0
TBX5	71	2795	2795	-	0
TBX6	-	-	-	367	1
TCEA1	-	-	-	0	1
TCEAL8	-	-	0	-	1
TCERG1	-	-	36	-	1
TCF12	6934	-	-	-	1
TCF19	-	-	-	0	0
TCF20	2271	2271	2271	-	1
TCF21	47	-	-	-	0
TCF3	-	-	-	2857	1
TCF4	710	-	-	-	1
TCF7L1	1308	1308	1046	1308	1
TCF7L2	-	0	0	-	1
TCF8	-	-	-	1599	0
TCOF1	-	-	-	97	1
TCP1	-	-	-	0	1
TCP11	-	-	6410	-	0
TDE1	-	-	2465	-	1
TDGF1	0	0	0	-	1
TDO2	-	-	2805	-	0
TDRD5	5499	-	-	-	0
TEAD2	-	931	-	-	1
TERF1	-	-	5907	0	1
TESK2	-	0	0	0	0
TEX14	599	-	-	319	0
TFAM	-	-	-	24	1
TFAP2C	4090	4090	4090	-	0
TFAP2D	1025	-	-	-	0
TFB2M	-	-	0	-	1
TFCP2L3	864	864	864	-	1
TFPT	0	-	0	-	1
TGIF2	1418	1418	-	-	1
THAP1	-	-	0	-	1
THAP10	-	-	0	1	0
THAP8	-	-	38	0	1
THBS1	-	-	974	0	0
THBS2	593	593	593	-	1
THOP1	-	1531	-	-	1
THRAP6	-	-	-	0	1
THRB	-	-	1248	-	0
THUMPD3	-	-	-	0	1
THY28	-	-	-	0	1
TIA1	-	0	0	-	1
TIAL1	-	0	0	0	1
TIAM1	-	-	6104	245	1
TIF1	1134	1062	819	819	1
TIGD7	-	-	-	3942	0
TIMELESS	-	-	-	0	1
TIMM23	0	0	0	0	1
TIMM8B	-	0	-	-	1
TIMM9	-	822	-	-	1
TIMP4	-	0	0	-	1
TIP120A	-	-	77	-	1
TITF1	0	0	0	-	0
TJP3	7534	7024	-	-	1
TK1	-	-	-	0	1
TLE1	-	263	-	1180	1
TLE2	-	6432	6432	6432	1
TLE3	377	106	0	-	1
TLK1	-	-	-	0	1
TLL2	-	-	-	321	0
TLP19	-	0	-	29	1
TLX1	6891	-	6891	-	0
TM4SF2	-	-	-	6230	0
TM4SF6	-	-	0	-	1
TMC1	-	2524	2524	-	0
TMEM16A	-	-	4873	-	0
TMEM23	1449	1449	1659	-	1
TMEM24	-	4874	4874	-	0
TMEM30A	0	-	-	-	1
TMEM33	-	-	-	5830	1
TMEM38A	-	-	715	-	0
TMEM43	-	-	2557	-	1
TMP21	-	-	0	212	1
TMSB10	-	1256	1256	-	1
TNC	176	0	0	-	1
TNFAIP2	-	3588	-	-	1
TNFAIP6	-	520	520	-	0
TNFRSF12A	-	-	1052	-	1
TNFSF5IP1	-	439	-	-	1
TNPO1	-	-	883	-	1
TNRC6A	304	304	304	-	1
TOE1	-	-	-	0	0
TOMM34	-	-	-	5648	1
TOP2A	4894	4894	4894	-	1
TOPBP1	-	-	-	0	1
TORC2	-	-	-	4736	0
TP53BP1	-	-	-	216	1
TPCN2	-	-	4280	-	0
TPM3	-	3067	-	0	1
TPX2	-	-	0	0	1
TRA1	-	278	-	0	1
TRA2A	1162	1162	-	-	1
TRAF7	-	-	32	-	1
TRAM1L1	-	478	-	-	0
TRAPPC6B	-	-	-	4544	1
TREX1	-	-	-	6532	0
TRIM16	-	2426	2426	-	1
TRIM22	0	0	0	-	1
TRIM37	-	-	-	0	1
TRIM39	-	-	1570	-	0
TRIM41	-	-	-	146	1
TRIM5	4316	4316	4316	-	0
TRIM54	-	-	4	-	0
TRIM6	-	-	868	-	0
TRIP10	-	-	1514	-	1
TRIP11	-	-	-	0	1
TRIP4	4503	-	4123	5747	1
TRIT1	-	3167	-	-	1
TROAP	-	-	-	0	1
TRPC4AP	-	1763	1362	-	1
TRPM3	-	289	289	-	0
TRPS1	451	-	-	-	1
TSC22D1	2529	2529	2311	-	1
TSC22D2	-	-	4601	-	1
TSGA14	-	9	-	-	1
TSKS	-	1494	3290	-	0
TSNAX	-	-	-	0	1
TSNAXIP1	-	0	0	-	0
TSPYL4	-	-	-	848	1
TSSC1	-	-	74	-	1
TSSK6	-	-	0	-	0
TTC12	-	0	-	0	0
TTC13	-	-	5453	-	0
TTC15	-	-	1248	-	0
TTC21B	-	-	-	74	0
TTF1	-	-	0	0	1
TTF2	-	0	0	0	1
TUBB	-	0	-	2381	1
TUBG1	-	115	0	0	1
TUBGCP5	-	-	-	0	1
TWIST1	-	-	768	-	0
TXN2	14	-	-	-	1
TXNDC	-	-	-	58	1
TXNDC11	-	-	-	0	1
TXNDC5	-	-	151	-	1
TXNL4B	-	0	0	-	0
TXNRD1	-	361	145	-	1
TYMS	-	-	-	166	1
U2AF1L3	-	-	2069	-	0
UBA2	-	-	-	0	1
UBAP1	-	-	-	0	1
UBAP2	-	-	949	125	1
UBC	-	2177	2177	51	1
UBE2C	-	0	-	0	1
UBE2D3	1926	1926	0	-	1
UBE2M	-	-	-	0	1
UBE2S	-	-	175	175	1
UBE4B	-	-	-	0	1
UBN1	-	-	-	0	1
UBOX5	-	0	-	-	0
UBP1	-	0	0	0	1
UBQLN4	-	421	5998	-	1
UBR1	-	1383	-	-	1
UCHL5	-	-	-	0	1
UCK2	-	-	-	1092	1
UCRC	-	102	0	0	1
UFD1L	-	0	0	481	1
Ufm1	2566	2566	2566	-	1
UGP2	-	-	-	0	1
UGT2B10	-	302	-	-	0
UGT8	-	702	-	-	1
UMPS	-	-	-	0	1
UNC5C	-	-	-	6201	0
UNC5D	-	-	856	-	1
UNG	-	-	-	0	1
UNQ1940	4985	4985	4985	-	0
UNQ9370	5283	-	5071	-	0
UNQ9372	-	-	5526	-	0
UQCRC1	-	-	-	0	1
USF1	-	-	0	-	0
USH3A	-	-	1118	-	0
USP1	-	-	-	0	1
USP10	-	-	1382	-	1
USP16	-	-	0	-	1
USP25	-	2119	-	-	1
USP3	-	-	437	-	1
USP37	-	266	0	0	0
USP44	0	0	0	-	1
USP49	-	404	-	-	1
USP5	-	-	-	362	1
USP52	-	-	-	0	1
USP7	1641	1641	1641	-	1
UTP14A	-	-	0	423	1
UTS2	-	-	0	-	0
UXS1	-	-	1086	-	1
VAPB	-	-	79	-	1
VASP	-	7384	-	-	1
VAT1	-	5111	-	-	1
VCL	-	-	-	0	1
VDP	-	1	-	-	1
VIM	-	852	583	-	1
VLDLR	-	-	7402	-	1
VMD2L3	-	-	112	-	0
VN1R2	-	2965	-	-	0
VPS18	-	-	-	0	1
VPS29	-	-	-	6	1
VPS35	-	384	109	0	1
VPS52	0	0	0	0	1
VRK2	-	-	7152	-	1
VRK3	-	-	87	495	1
VSX1	-	-	1131	-	0
VTI1A	0	-	-	-	0
WARS	-	-	0	-	1
WBP11	-	0	0	0	1
WDFY1	-	-	-	452	1
WDFY2	-	18	-	-	1
WDFY3	3702	-	-	-	1
WDHD1	-	-	234	0	1
WDR20	1820	-	1820	-	1
WDR23	-	0	0	-	1
WDR34	-	-	-	0	1
WDR36	0	0	0	0	1
WDR4	-	-	-	6110	1
WDR49	271	37	0	-	0
WDR50	-	-	-	0	1
WDR56	-	-	-	0	1
WDR6	-	-	0	0	1
WDTC1	-	-	609	-	1
WEE1	3570	-	3570	-	1
WFDC6	-	-	354	-	0
WHSC1L1	-	3670	3516	-	1
WIT-1	1635	-	1635	1635	0
WNT3	-	-	2842	-	0
WT1	207	-	207	92	0
WWTR1	-	4142	4142	-	0
XAB1	-	-	5809	-	1
XAB2	-	0	0	-	1
XAGE2	6588	-	-	-	0
XCL1	4934	4934	4934	-	0
XK	-	20	20	-	0
XLKD1	-	-	199	-	0
XPC	-	184	184	184	0
XPO1	-	-	-	188	1
XRCC1	-	-	-	0	1
XRCC5	-	-	-	0	1
XTP7	0	-	-	-	0
YAF2	1290	1865	1290	-	0
YAP1	-	-	1395	-	1
YARS	-	-	-	0	1
YME1L1	-	-	-	964	1
YPEL4	-	0	-	-	0
YWHAE	-	-	-	0	1
YWHAQ	-	-	-	0	1
ZA20D1	-	-	1025	-	1
ZA20D3	-	-	587	-	1
ZADH2	-	1315	1315	-	0
ZBED3	-	304	-	-	0
ZBTB1	-	-	-	478	1
ZCCHC12	-	-	0	-	0
ZCCHC14	-	1314	-	96	1
ZCCHC3	-	6739	6739	6739	1
ZCCHC7	-	-	-	0	1
ZCWCC1	-	-	-	6756	1
ZDHHC14	-	5240	5240	-	0
ZDHHC6	0	-	-	-	1
ZF	-	-	-	0	1
ZFHX1B	2058	2332	2332	-	1
ZFOC1	-	997	997	-	1
ZFP160L	-	2001	-	-	0
ZFP29	-	0	-	-	1
ZFP36L1	2497	2497	1733	-	1
ZFP42	-	-	2279	-	1
ZFP95	4206	-	-	-	1
ZFPL1	-	-	-	0	1
ZFPM1	-	-	-	0	0
ZFYVE19	-	68	-	68	1
ZHX2	608	-	-	-	1
ZIC1	1135	0	1135	-	1
ZIC2	7510	2715	7268	0	1
ZIC3	1607	1607	1607	-	1
ZIC4	990	711	711	-	0
ZIC5	2143	2143	1834	6588	0
ZMPSTE24	0	-	-	-	1
ZMYND12	-	-	-	6270	0
ZNF140	-	0	-	-	1
ZNF142	-	-	-	0	1
ZNF174	-	-	0	0	1
ZNF175	-	0	-	-	0
ZNF180	-	0	-	0	0
ZNF184	-	6253	-	-	0
ZNF185	-	-	1652	-	1
ZNF193	-	0	-	-	0
ZNF202	-	-	0	-	1
ZNF206	-	-	5302	-	1
ZNF217	-	1130	850	-	1
ZNF222	-	1023	-	-	0
ZNF224	-	0	0	0	0
ZNF225	-	0	0	-	0
ZNF226	-	-	0	-	1
ZNF227	-	213	-	-	0
ZNF228	-	-	0	-	1
ZNF281	-	191	191	-	1
ZNF286	-	91	91	-	1
ZNF300	-	0	0	0	1
ZNF305	-	-	0	-	0
ZNF312	843	1112	0	-	0
ZNF326	-	-	-	131	1
ZNF331	-	130	0	0	1
ZNF335	-	0	-	0	1
ZNF342	-	357	357	-	0
ZNF367	-	-	1866	0	0
ZNF393	-	701	413	-	0
ZNF394	0	-	-	-	0
ZNF398	-	-	2215	-	1
ZNF408	-	0	0	-	0
ZNF416	-	4618	4618	-	0
ZNF417	-	-	-	0	0
ZNF42	-	-	-	0	1
ZNF434	-	-	0	0	1
ZNF436	-	-	1184	-	0
ZNF46	-	-	-	596	0
ZNF473	-	-	80	0	1
ZNF484	-	-	0	-	0
ZNF503	-	-	714	151	0
ZNF521	-	-	0	-	1
ZNF547	-	0	0	-	0
ZNF548	-	0	-	-	0
ZNF551	-	-	0	-	1
ZNF554	-	-	-	0	0
ZNF565	-	-	-	241	0
ZNF566	-	0	0	0	0
ZNF569	0	0	-	-	0
ZNF570	1128	1378	-	-	0
ZNF575	-	695	-	-	0
ZNF582	0	-	-	0	0
ZNF584	-	-	0	7124	0
ZNF589	-	-	-	0	1
ZNF600	-	-	-	0	0
ZNF613	-	206	-	486	0
ZNF624	-	-	-	0	0
ZNF646	-	0	-	0	1
ZNF75A	-	-	-	0	0
ZNF79	4645	-	-	-	0
ZNF83	-	-	-	0	1
ZNF9	-	-	472	-	1
ZNFN1A3	897	-	-	-	0
ZNRF2	-	-	2455	-	1
ZP4	-	-	3245	-	0
ZPBP2	4943	-	-	-	0
ZRANB3	-	-	0	0	0
ZSWIM3	-	426	426	-	0
ZWINT	-	-	-	0	1
